age,female,baseline_BMI,baseline_HbA1c,T2D,diabetes_duration,F_B_ratio,Akkermansia,Clostridium_ss1,Bifidobacterium,Bacteroides,Prevotella,Roseburia,Faecalibacterium,Blautia,Christensenellaceae,CDCA,CA,DCA,LCA,UDCA,TCA,GDCA,C4,%TBWL,responder
51.3519,1.0000,33.1382,5.4875,0.0000,0.0000,-0.2447,-3.2918,-3.1600,-2.0024,-0.2257,-3.4659,-1.7247,-2.3005,-1.9747,-3.7526,2.5199,3.2939,1.9444,0.2609,1.2999,1.9783,2.6175,-0.0390,5.8957,1.0000
36.5602,1.0000,32.3274,5.4649,0.0000,0.0000,0.8815,-2.9402,-1.2311,-1.7866,-0.8957,-3.2737,-1.3452,-0.5899,-1.0522,-1.2111,2.0310,3.1765,2.1202,1.7778,1.1715,1.8736,3.0778,1.5001,8.6819,1.0000
56.2550,1.0000,38.4175,5.4600,0.0000,0.0000,1.5438,-2.4301,-1.8896,-1.1741,-0.8348,-1.4301,-0.8852,-0.6304,-0.4221,-1.1831,2.3620,1.9099,1.9022,0.4721,2.1535,3.8079,2.6671,1.1439,11.0848,1.0000
58.3462,1.0000,41.1567,5.5375,0.0000,0.0000,0.5368,-2.6368,-0.8821,-0.8640,-0.4563,-2.1614,-1.0307,-0.6032,-1.8427,-3.5487,0.7798,0.9656,1.9467,-0.0195,0.8258,2.1115,2.3614,0.6162,13.6808,1.0000
26.5386,1.0000,42.5747,6.7561,1.0000,12.6095,-0.3099,-3.5714,-2.9019,-1.8823,-1.1730,-2.8367,-2.7934,-2.0638,-1.4840,-2.9439,2.0572,2.4423,1.5834,0.7458,1.7951,2.5115,3.2860,1.5711,7.2794,1.0000
33.6760,0.0000,40.4166,6.7131,1.0000,17.5680,-0.1797,-2.6817,-0.5800,-1.6563,-0.9297,-2.5365,-1.3686,-1.2275,-1.2563,-3.7099,2.9907,2.1872,2.3847,0.9980,2.1017,3.0764,2.6032,2.7642,9.1082,1.0000
49.4062,0.0000,34.0062,5.4992,0.0000,0.0000,-0.3701,-2.9814,-2.4182,-2.5242,-1.1152,-2.8675,-1.2952,-1.6030,-1.3722,-3.4826,3.1568,3.4901,2.9304,2.7232,1.8559,3.9543,2.6710,1.8265,12.7785,1.0000
44.5213,0.0000,36.0872,5.7854,0.0000,0.0000,0.8577,-2.1582,-1.1402,-0.9325,0.2593,-2.0596,-0.8325,0.0423,-1.1493,-2.6721,2.6368,3.3129,1.7206,1.1301,1.9948,2.6601,2.9632,3.2786,15.3419,1.0000
47.8152,1.0000,37.9507,8.1999,1.0000,4.3148,0.5451,-2.2380,-2.4650,-1.8443,-0.6660,-4.0394,-1.8550,-1.5286,-1.6409,-2.0880,2.5516,2.1963,1.3019,0.8662,1.1279,2.5632,2.3846,0.9597,8.6521,1.0000
38.6165,0.0000,35.0453,7.8548,1.0000,7.9094,-0.5726,-3.5584,-4.3913,-3.0305,-1.8242,-3.8404,-1.7746,-1.5619,-2.1354,-3.9330,3.4910,2.5720,2.2979,1.8753,2.6573,3.7137,3.1730,2.5022,9.9417,1.0000
57.6734,0.0000,35.0884,8.6617,1.0000,1.7071,1.2210,-2.3275,-2.3087,-2.8540,-0.9540,-2.0699,0.0344,-1.0066,-1.6624,-3.4907,1.9009,2.8452,2.4614,2.0679,1.1889,2.2493,2.8491,0.1870,10.7063,1.0000
56.5557,1.0000,38.2069,5.8817,0.0000,0.0000,0.8416,-3.7679,-1.7900,-1.3271,-0.3029,-2.6147,-1.0954,-1.0223,-1.7535,-1.5281,2.5952,3.2009,1.9809,1.1961,1.4342,2.4330,2.2150,1.0945,13.9200,1.0000
48.7263,0.0000,34.2332,8.0312,1.0000,9.6000,0.1187,-2.1171,-3.6983,-1.2041,0.2712,-2.4837,-1.1191,-0.7785,-1.6550,-2.3912,1.8574,2.1739,1.6312,1.9102,1.5231,2.6635,2.0291,0.9913,6.5823,1.0000
60.3997,1.0000,31.2182,5.4573,0.0000,0.0000,-0.2469,-3.2826,-1.5290,-1.2864,-1.1519,-3.1373,-2.1374,-0.9467,-2.1715,-2.8165,1.2774,1.2268,0.7080,0.4971,1.5636,1.0116,1.3129,-0.1190,9.5838,1.0000
53.1426,1.0000,32.6349,4.7326,0.0000,0.0000,0.9975,-2.4570,-1.0770,-1.6730,-0.4436,-2.8908,-0.6054,-1.4449,-0.8395,-2.6025,2.1414,3.0281,1.8701,1.2288,2.5841,2.9905,2.2163,1.6263,12.7033,1.0000
38.5478,1.0000,37.3526,5.3082,0.0000,0.0000,-0.4422,-3.3512,-1.4122,-1.8642,-1.4869,-2.5746,-1.8586,0.8804,-1.1384,-3.0702,1.8035,2.5326,2.1390,0.4253,1.6886,2.3550,2.4754,1.6460,14.0802,1.0000
52.0563,1.0000,34.5135,5.9312,0.0000,0.0000,1.5360,-3.5821,-1.8918,-0.3334,-0.3859,-3.4134,-1.6401,-0.1099,-0.8446,-3.1412,2.5865,2.4479,2.5588,0.9277,1.2275,0.9969,2.1447,0.7716,12.6274,1.0000
37.4523,1.0000,36.0309,5.6936,0.0000,0.0000,-0.1482,-3.2113,-2.0392,-1.0990,0.0495,-2.1630,-2.3497,-2.1443,-1.0714,-3.8061,2.5387,1.5115,1.4447,1.1516,1.0336,2.4782,1.8255,1.0525,9.8864,1.0000
57.6630,0.0000,37.5154,5.5871,0.0000,0.0000,0.2195,-2.4352,-2.8274,-2.6990,-0.9631,-2.4593,-1.0358,-0.9676,-1.3889,-3.4372,2.6571,3.1668,2.3413,1.0851,1.7959,3.1097,2.1288,1.4872,11.5346,1.0000
47.4508,0.0000,32.8132,8.0774,1.0000,3.2112,-0.4567,-3.2827,-2.1024,-1.8996,-2.3628,-3.5535,-1.2552,-1.6330,-2.7407,-1.7819,2.0685,2.3505,1.3593,0.0214,1.6630,2.7217,1.2179,1.1815,3.7611,0.0000
45.9665,1.0000,37.9031,5.6696,0.0000,0.0000,0.3768,-2.3201,-1.6443,-1.9343,-1.0261,-1.0276,-0.6190,-0.3691,-0.5816,-3.1120,2.9499,3.0877,2.1340,1.0200,2.0576,2.9467,2.6868,1.5565,15.5437,1.0000
40.5098,0.0000,36.2048,5.9262,0.0000,0.0000,1.4220,-2.8741,-1.6011,-2.7250,-1.9864,-2.4501,-2.1959,-2.7579,-1.2758,-1.6790,1.6504,2.4726,2.0547,1.1649,1.7366,3.3274,2.0920,1.9942,12.5003,1.0000
61.4480,0.0000,28.9433,5.8218,0.0000,0.0000,1.5116,-2.4038,-1.6545,-0.8309,0.6308,-2.1752,-0.9448,-0.4611,-0.3699,-2.3000,1.8596,2.9337,2.6480,1.1919,2.7543,3.0784,2.2414,1.4406,12.6700,1.0000
46.3002,1.0000,40.9904,6.0326,0.0000,0.0000,0.3039,-1.5996,-0.8901,-1.0472,1.0721,-2.1194,0.2248,-0.0920,1.6905,-2.6235,2.9797,3.2795,1.8593,1.4214,2.1828,2.6424,3.8286,1.9141,15.4405,1.0000
43.2884,1.0000,32.2466,5.6256,0.0000,0.0000,-0.1515,-2.4792,-1.8241,-0.4712,-0.8831,-1.7599,-0.5091,-0.4358,-1.6171,-1.5777,2.2629,3.1400,1.9798,1.8471,1.1810,2.4675,2.9828,2.2963,16.8789,1.0000
44.1265,1.0000,27.0521,5.8168,0.0000,0.0000,1.3835,-1.8065,-1.3914,-1.1487,-0.1365,-1.5471,-0.9119,-1.2082,-1.4992,-2.8616,1.8360,1.8251,1.9736,0.6209,1.3472,2.6995,1.8511,0.1230,7.6197,1.0000
53.8554,1.0000,29.7973,5.3925,0.0000,0.0000,0.5777,-2.5580,-1.7872,-1.3562,-0.8882,-1.4023,-1.4688,-1.3011,-0.8095,-3.8439,1.5193,2.1932,0.7073,0.5184,0.5400,2.7538,2.9155,0.4504,6.9759,1.0000
52.0199,0.0000,29.9053,6.2090,1.0000,5.1016,-0.2324,-2.0861,-3.2882,-1.2981,0.3001,-2.7558,-1.3333,-0.4492,-1.5493,-2.1776,2.4541,2.0335,1.7477,2.0011,1.6072,2.4639,1.9213,1.8960,10.1352,1.0000
52.5401,1.0000,34.7348,9.5549,1.0000,4.9540,-0.1369,-3.1458,-2.8593,-1.9571,-0.1503,-2.8677,-2.6273,-2.2917,-1.4626,-1.9622,0.3420,1.4733,1.1231,0.0022,1.3164,2.3473,0.9286,1.5737,2.4719,0.0000
52.7390,1.0000,33.2677,5.5757,0.0000,0.0000,0.7150,-2.7797,-1.4104,-1.8204,-0.7437,-3.0799,-0.5379,-2.8213,-0.8287,-3.1317,1.4460,2.8670,1.9398,0.8196,1.4245,2.3828,2.3004,0.7573,11.9912,1.0000
71.5581,1.0000,32.9843,7.5888,1.0000,4.2041,0.0717,-1.4467,-2.3030,-2.1742,-0.6657,-2.2023,-1.7542,-2.2567,-1.9805,-2.0848,2.1596,2.0201,1.1825,0.4605,0.8231,1.9050,2.1007,0.9713,4.1660,0.0000
43.5294,1.0000,37.2887,9.3492,1.0000,7.2297,0.4598,-2.2410,-2.0806,-2.1975,0.5606,-2.4693,-1.6595,-0.3444,-1.6035,-3.0604,3.4846,1.7583,2.3739,1.3848,2.3942,3.2032,2.6116,1.7684,9.8909,1.0000
42.3653,0.0000,36.0294,7.7752,1.0000,11.4645,0.4082,-2.5969,-1.8092,-0.2769,-0.0708,-3.8131,-1.1568,-1.0292,-1.1229,-2.4839,1.8536,2.6589,0.9277,1.2970,1.5587,2.1254,2.0211,1.0444,7.6382,1.0000
39.0485,1.0000,35.9222,7.5691,1.0000,2.8270,0.3771,-2.6475,-1.5745,-2.1108,-1.2538,-0.5012,-1.8134,-1.0104,-2.1841,-2.6864,3.0784,4.5895,3.4622,1.8718,3.0276,3.8945,2.9455,1.7299,12.1066,1.0000
54.7758,1.0000,36.3442,6.8737,1.0000,5.0897,-0.3466,-3.1929,-1.5909,-1.6572,-0.3378,-3.7995,-0.4744,-2.1012,-0.4378,-2.1887,2.2620,2.9290,1.2623,0.7526,1.9449,2.5210,3.0036,0.6919,8.9523,1.0000
60.4187,1.0000,37.2726,8.2400,1.0000,2.4125,0.8619,-3.0791,-1.8947,-2.1154,-0.6186,-2.7084,-2.9539,-0.6522,-1.4929,-3.2698,3.7113,2.2188,1.2535,1.2550,1.3066,2.5722,2.3525,1.2885,6.6660,1.0000
46.7466,1.0000,27.0000,8.1243,1.0000,3.9288,-0.0483,-2.4883,-2.7341,-3.6177,-0.8090,-2.5933,-2.0428,-2.4026,-1.7406,-4.2823,1.7946,2.5357,1.6986,1.5957,1.6406,2.0361,1.4185,1.0707,5.0165,1.0000
38.7583,1.0000,32.8600,5.4247,0.0000,0.0000,-0.4218,-3.4502,-1.8227,-2.3645,-1.2641,-1.5476,-1.4840,-1.1675,-1.7250,-3.3998,1.5385,1.4530,1.7613,-0.1683,1.8925,2.1685,1.8777,0.3884,11.0962,1.0000
38.9307,1.0000,27.0000,6.1238,0.0000,0.0000,-1.3491,-2.4862,-2.0995,-2.2841,-1.0746,-2.3846,-2.8928,-2.0497,-2.5582,-2.1658,2.7586,2.6819,1.8214,1.4053,1.0711,1.7741,1.7274,1.3882,8.3428,1.0000
55.1565,1.0000,34.6623,5.4252,0.0000,0.0000,1.1005,-4.0055,-3.2784,-2.3021,-1.3541,-3.8868,-0.7570,-1.4258,-1.3955,-3.6537,2.2980,3.0761,1.6792,1.5516,1.8524,2.2303,2.6290,1.4283,15.4943,1.0000
56.1758,1.0000,34.4792,4.8698,0.0000,0.0000,0.9778,-2.6829,-2.0768,-1.2811,-1.5768,-1.4032,-1.2406,-0.1798,-1.7909,-3.2522,1.9225,2.3721,1.7873,0.9615,1.4176,1.7425,2.1441,0.7171,11.5303,1.0000
53.9747,0.0000,39.2049,6.1626,0.0000,0.0000,-0.5295,-2.7378,-2.2289,-2.3958,-1.6307,-3.8007,-2.0707,-2.0581,-2.3375,-2.3734,1.6878,2.1228,2.1041,1.0986,1.3522,2.0941,2.4559,0.0007,7.2508,1.0000
40.6794,0.0000,39.8444,5.7388,0.0000,0.0000,0.3341,-1.6713,-2.1623,-1.4824,-0.4649,-3.5039,-0.5029,-1.1625,-0.6746,-3.1402,2.7784,1.6608,1.1510,0.6669,2.5796,3.2892,2.7130,1.5798,7.6145,1.0000
50.5538,0.0000,35.4125,8.2217,1.0000,6.0410,0.2681,-3.2958,-1.3200,-1.6098,-0.3366,-1.5177,-0.5442,-0.4259,-1.9562,-3.0514,1.1826,2.1393,1.2883,0.2938,1.3153,1.8139,2.2479,-0.0829,8.9724,1.0000
49.2835,0.0000,32.2484,4.7379,1.0000,8.2672,-0.4031,-2.3359,-2.0162,-2.8992,-1.0142,-3.8332,-1.9694,-2.7634,-1.4934,-3.0636,2.3450,2.0346,1.6640,1.1884,1.0959,2.4555,2.0794,0.8475,5.2439,1.0000
50.4056,0.0000,36.6832,7.8260,1.0000,2.9951,1.9264,-1.4304,-1.6071,-0.5846,-0.8405,-2.5719,-0.7638,-2.1347,-0.9403,-3.1052,2.0177,2.3021,1.4581,0.9765,1.4330,2.0467,2.8978,1.4078,4.3583,0.0000
57.5857,1.0000,32.1244,5.3103,0.0000,0.0000,0.4810,-3.3793,-1.8740,-1.9041,0.2618,-2.4683,-1.9987,-1.3998,-2.2588,-2.6589,2.0704,2.4884,1.3899,0.7864,1.4083,1.7227,2.2538,0.8363,10.7157,1.0000
50.4596,1.0000,34.4937,5.9019,0.0000,0.0000,0.8719,-0.5844,-1.8052,-1.4374,-0.4820,-1.8923,-0.7587,-0.7269,-0.0589,-2.6424,2.0867,2.1019,3.3847,1.0314,0.8648,1.7504,2.6184,1.9435,14.8626,1.0000
55.4680,1.0000,38.9376,7.0572,1.0000,2.4698,1.1889,-1.9203,-1.6280,-1.6441,1.4344,-2.4762,-0.7799,-1.1714,0.3960,-1.6036,1.8909,3.0397,2.4281,1.2268,1.7749,2.7765,2.9324,1.7445,14.0500,1.0000
48.7434,1.0000,31.9900,8.3254,1.0000,3.8026,-0.1427,-2.4058,-1.9038,-2.2179,-0.1853,-2.2685,-1.3553,-1.2149,-0.9975,-2.6078,1.8939,2.2418,2.8543,1.3713,2.3049,3.0028,2.7044,1.6385,15.6626,1.0000
51.1803,0.0000,38.1256,7.1634,1.0000,8.1307,0.4473,-3.0638,-0.8821,-2.3996,-0.2842,-2.6602,-0.2623,-1.6459,-1.6913,-3.3931,2.8384,3.1106,2.4674,1.2027,2.2892,2.8909,2.5674,3.0181,10.2616,1.0000
54.9442,1.0000,37.5483,7.7251,1.0000,2.8892,0.6588,-3.5384,-2.5225,-3.5720,-0.9400,-3.3287,-3.0463,-1.1036,-2.7525,-2.9117,1.3766,2.6577,1.3266,0.9476,2.7902,2.0117,1.8699,1.1773,15.8719,1.0000
31.9713,0.0000,30.2034,8.4105,1.0000,9.1672,-0.1608,-1.5961,-1.3426,-2.2874,-1.1353,-2.0706,-1.6151,-1.2710,-0.4062,-3.1927,1.7917,2.7828,1.6539,1.4090,1.0625,1.5287,1.9972,0.3265,2.5279,0.0000
44.4836,0.0000,38.8825,5.1971,0.0000,0.0000,0.4730,-1.8590,-1.2033,-1.5814,-0.4893,-3.4176,-2.0932,-0.9349,-1.3229,-2.6877,3.2110,2.0231,1.5772,1.4150,1.5449,1.8375,3.3038,0.9211,8.6168,1.0000
42.8259,1.0000,37.6435,4.9323,0.0000,0.0000,1.2314,-3.1988,-2.1106,-1.6412,-1.0435,-1.5354,-0.7758,-0.8303,0.1069,-3.5061,2.1822,2.3379,2.2944,1.4408,1.4287,2.4195,2.2482,1.7152,11.4345,1.0000
40.9723,0.0000,34.9587,5.7151,0.0000,0.0000,0.3938,-2.3276,-2.5929,-1.6543,-1.4032,-2.1668,-0.8584,-1.0158,-2.5364,-3.5494,1.5990,3.3294,1.6366,1.1433,1.1609,1.8087,1.7377,0.6426,15.7444,1.0000
44.9734,1.0000,31.0695,7.9241,1.0000,3.4637,0.8518,-2.4260,-3.7876,-1.1589,-0.5935,-3.1405,-0.9656,-1.7311,-1.8828,-2.7182,2.0514,1.8622,2.1133,0.6259,1.1035,2.0894,2.5507,1.2228,12.7388,1.0000
64.4444,0.0000,30.6336,8.6149,1.0000,7.5071,1.8248,-0.8846,-0.9255,-0.6048,0.8760,-2.3636,-0.1651,-0.7559,-0.1915,-2.0406,2.2402,1.6880,1.1487,0.1602,1.9580,2.4641,1.6083,0.7071,10.4992,1.0000
38.4759,1.0000,32.0805,5.6427,0.0000,0.0000,0.8010,-2.3712,-4.0609,-1.9679,-0.4249,-2.3998,-1.7387,-0.2590,-1.1523,-2.5486,1.8048,1.8148,1.9053,0.7689,2.5413,3.0758,2.9827,1.7409,8.0782,1.0000
58.6511,1.0000,36.9417,9.7081,1.0000,9.5629,1.2356,-2.0358,-2.2871,-3.2979,-0.9987,-2.0890,-1.7893,-0.7296,-1.2188,-1.9420,2.0464,2.7273,1.8087,1.9893,2.1082,2.8663,2.6157,2.4153,9.6256,1.0000
29.4884,1.0000,30.1997,5.7756,0.0000,0.0000,0.1638,-2.3322,-1.6257,-0.6529,-1.5259,-2.7250,-0.8678,-0.0314,-0.9140,-2.7588,1.4397,3.1668,1.8466,0.4004,1.2115,1.5090,2.3466,0.5511,8.7668,1.0000
44.3163,1.0000,36.4688,5.4841,0.0000,0.0000,1.0057,-1.7370,-1.8795,-1.2389,0.5910,-0.7075,-0.3381,-0.4592,-0.6228,-1.7138,2.4012,3.1642,1.8645,1.2022,1.2564,2.4197,3.6613,1.9198,10.0156,1.0000
49.7903,1.0000,28.9121,5.3295,0.0000,0.0000,0.3075,-2.4903,-2.7612,-1.0345,-1.3920,-2.9107,-1.5835,0.0119,-1.5915,-3.2806,2.1412,2.1001,1.8179,1.1022,1.4358,2.6796,1.7785,0.7238,15.3291,1.0000
54.4484,0.0000,33.5817,5.3908,0.0000,0.0000,-0.0407,-1.5111,-3.8674,-2.7612,0.9338,-2.1863,-2.2997,-1.3564,-1.3851,-2.3562,2.5221,1.9462,2.2894,1.1833,0.8657,2.5019,1.4207,1.4971,6.8980,1.0000
55.8235,0.0000,34.9934,8.1477,1.0000,8.3059,1.8716,-1.7938,-1.8001,-0.7324,-0.4820,-2.6792,-2.2617,-1.9576,-1.7075,-3.4504,2.1508,3.4582,2.7957,1.0116,1.0365,2.3235,1.8459,2.2761,7.1424,1.0000
56.7268,1.0000,45.5031,4.8928,0.0000,0.0000,0.6506,-3.4111,-4.4206,-3.1531,-1.6693,-3.7060,-1.3007,-2.3412,-1.4698,-3.5240,2.2938,3.0108,1.9940,1.2185,1.8775,3.2439,2.7193,1.0638,12.1528,1.0000
44.1640,1.0000,28.3021,6.3647,1.0000,4.8484,0.3662,-3.2379,-2.2167,-2.5248,-0.7568,-2.9212,-2.4258,-0.8770,-1.2945,-3.3588,3.2735,2.7284,2.1033,0.0362,2.1462,2.7255,2.5312,1.2896,-0.4915,0.0000
42.9141,1.0000,41.1241,8.4436,1.0000,2.2062,0.5164,-2.6221,-2.6035,-1.8549,-1.1297,-3.3119,-2.8538,-1.8120,-1.3090,-3.6256,1.9549,2.1587,2.0480,1.3865,1.6011,2.9736,2.3240,1.1107,10.9837,1.0000
57.4377,1.0000,35.1743,5.4621,0.0000,0.0000,2.4166,-1.2305,-0.1781,-0.1645,1.8615,-1.6864,-1.9658,-0.4137,0.1369,-1.6040,2.4190,1.8001,1.9567,0.2689,0.9980,1.2295,1.8163,1.6836,8.4044,1.0000
45.8957,0.0000,36.3503,5.3482,0.0000,0.0000,0.6204,-1.5330,-1.3897,-0.8435,-0.7684,-2.8646,-0.0992,-0.7111,-1.2947,-2.8305,2.2298,2.8258,3.3127,1.7561,1.7996,2.6135,2.6853,1.3741,15.2129,1.0000
33.9675,1.0000,35.0326,10.7432,1.0000,7.3656,-0.1193,-3.3130,-3.2482,-3.3734,-1.4282,-3.6213,-1.5059,-1.6791,-1.7787,-3.9426,1.9651,2.9079,2.5616,0.4948,1.3738,2.2919,2.5891,1.8892,4.2537,0.0000
35.5338,1.0000,36.5013,5.6362,0.0000,0.0000,0.3032,-2.3634,-1.4454,-1.7235,0.2847,-2.2530,-0.7149,-1.2299,-2.2573,-2.4625,3.9212,2.8924,2.3562,2.0290,2.0369,3.0582,2.7138,0.6069,12.1811,1.0000
37.8860,1.0000,33.8084,8.2414,1.0000,6.6342,0.9803,-1.9657,-1.3796,-1.6691,-0.8274,-1.8656,-0.9060,-1.2467,-0.2528,-3.0296,2.3739,2.4293,2.6708,1.3526,1.3164,2.5239,1.4010,0.7189,12.2805,1.0000
53.4688,1.0000,41.0432,4.7653,0.0000,0.0000,-0.0668,-1.5370,-1.2168,-1.7696,-0.1588,-2.1232,-3.0966,-1.7455,-1.3257,-3.0348,2.6813,2.5165,2.5998,0.4111,1.7154,2.3817,2.8604,1.7736,14.5647,1.0000
49.5667,1.0000,32.4459,5.6088,1.0000,3.5449,0.5977,-1.6844,-1.9441,-2.3084,-0.2605,-2.5796,-1.4897,-1.2934,0.3025,-4.0856,2.6854,3.5018,2.2023,2.2392,1.7504,2.4572,3.0973,1.0293,10.7674,1.0000
55.5953,0.0000,39.5951,6.9370,1.0000,2.4384,0.0893,-2.7115,-2.6748,-1.3885,-0.1495,-2.5672,-1.7238,-1.3356,-1.4381,-2.9265,2.6437,2.6932,2.7182,1.4484,2.1017,3.1319,2.3837,1.3260,11.1453,1.0000
43.3002,0.0000,31.6003,6.0215,0.0000,0.0000,0.2496,-2.4635,-1.4584,-2.5627,-1.3733,-3.8542,-1.2074,-1.2634,-1.1744,-3.9485,2.5847,2.5978,1.8946,1.2190,2.6595,2.5566,2.3147,0.6819,7.1363,1.0000
49.7439,0.0000,34.2289,5.6256,0.0000,0.0000,1.8280,-2.5565,-1.4968,-0.7883,-0.7789,-2.4678,-1.0159,1.1195,-0.5236,-1.1260,2.2746,2.8511,2.5337,1.4466,2.4840,3.2404,3.2747,2.2725,14.8005,1.0000
54.8815,0.0000,29.6762,9.4946,1.0000,22.6268,1.3645,-1.9866,-2.3069,-0.7877,-1.2557,-1.1574,-0.9850,-2.6098,-1.3199,-2.1699,3.2420,2.7835,1.6508,1.7357,2.4511,3.7012,3.4559,2.8524,6.2178,1.0000
44.5972,1.0000,36.5476,5.9649,0.0000,0.0000,0.2104,-2.1305,-2.5427,-2.7791,-0.8619,-2.6975,-1.9551,-0.6084,-2.0343,-2.8007,2.6719,2.7746,1.4548,1.3808,1.5722,2.7140,2.4494,1.6574,9.6977,1.0000
53.0245,0.0000,41.0031,6.0888,0.0000,0.0000,0.4544,-3.7476,-3.2381,-2.2715,0.3041,-2.3770,-2.9077,-3.6758,-1.3779,-3.3933,2.2416,2.9908,0.6885,1.1023,2.2299,3.4494,2.8025,2.3108,1.7255,0.0000
40.7188,0.0000,34.1519,5.8967,0.0000,0.0000,1.3130,-2.9405,-1.5981,-1.0001,-0.6093,-2.5368,-1.2627,-0.6088,-1.0503,-1.8850,2.4014,2.5421,2.3200,1.3014,1.5074,2.3847,1.8573,1.6025,9.3053,1.0000
44.0064,0.0000,33.6140,5.1705,0.0000,0.0000,0.0305,-3.7248,-0.9565,-2.3211,-1.1627,-2.7692,-1.6836,-1.6875,-1.5629,-3.0790,2.3068,2.3046,1.6475,1.3393,2.1213,2.0232,1.6752,1.7064,15.2464,1.0000
43.8009,0.0000,29.4842,8.6610,1.0000,2.8813,0.5399,-4.3178,-1.0478,-2.0331,-0.3414,-3.5390,-2.0312,-1.9025,-0.5966,-3.3947,1.4749,2.4710,2.6081,1.9773,2.2694,3.1078,3.7153,0.5853,7.1936,1.0000
34.8458,0.0000,33.4682,7.5644,1.0000,4.9075,1.0065,-2.8752,-2.2417,-1.9555,0.2847,-3.6854,-2.4476,-2.6733,-2.3189,-3.6976,2.0214,2.8552,1.8441,1.8194,1.8783,2.7609,2.3680,1.2312,2.9464,0.0000
53.3567,0.0000,27.3324,4.8666,0.0000,0.0000,-0.8916,-3.6022,-4.0529,-3.4159,-0.7803,-3.1172,-2.2320,-2.7282,-3.2549,-4.5787,1.9717,2.5178,1.5031,1.5104,2.0397,3.1093,1.8750,0.5329,7.3759,1.0000
42.8366,1.0000,30.3920,7.3844,1.0000,4.5183,0.3654,-1.9615,-1.1903,-1.0623,-0.7474,-2.1908,-1.4257,-1.0673,0.3346,-3.6050,2.2975,4.0931,3.1217,1.5178,2.5654,3.5472,2.3553,2.6257,12.0805,1.0000
48.1374,0.0000,35.5205,6.2955,0.0000,0.0000,0.2123,-1.7576,-2.8913,-2.3047,-1.0958,-2.8346,-2.7929,-1.1184,-1.1313,-2.6981,2.1995,2.4100,1.9581,1.7364,1.4737,1.7444,2.4427,0.2976,11.1733,1.0000
53.2882,1.0000,40.4356,5.7240,0.0000,0.0000,-0.2963,-2.7789,-2.8779,-2.3965,0.5017,-2.6159,-2.4868,-1.3427,-2.4680,-3.9454,2.1193,3.0804,2.4194,1.9176,2.3928,4.1309,2.5970,2.0494,11.9596,1.0000
52.9118,1.0000,47.1414,5.4245,1.0000,7.8624,-0.4329,-3.2245,-1.6997,-1.6286,-0.4033,-3.3738,-2.0823,-1.2684,-1.9600,-3.2615,2.0371,2.9210,2.0127,2.1211,1.7304,3.4598,2.9444,1.6695,18.5449,1.0000
55.3192,0.0000,31.8604,7.3123,1.0000,6.5243,0.7531,-2.7378,-1.7806,-0.5824,-0.4378,-1.4212,-0.7487,-1.7868,-1.7358,-3.1204,2.6255,2.7739,2.3588,1.3066,1.6391,2.5718,1.6840,1.8325,6.4264,1.0000
46.9167,0.0000,40.9589,5.4744,0.0000,0.0000,-0.2839,-2.9070,-1.8120,-1.0763,-0.3985,-2.7899,-2.9472,-1.3343,-1.4600,-2.8525,1.5589,2.0839,2.0109,1.3765,0.7270,2.2399,2.3071,1.1319,15.1019,1.0000
43.3437,0.0000,35.5969,5.6334,0.0000,0.0000,2.0850,-1.0805,-0.6010,-1.5336,-0.1266,-1.7863,-1.2601,-0.1485,-0.3129,-2.7658,3.1064,2.3707,1.1136,1.5699,1.5578,1.7095,2.1920,1.8658,7.5177,1.0000
47.1231,1.0000,33.8194,5.2145,0.0000,0.0000,1.3575,-2.1882,-2.8965,-1.7390,-0.3126,-1.7086,-1.5259,-0.4575,-0.9370,-3.4384,1.5420,3.4814,1.6223,1.2104,1.1579,2.4999,2.2157,0.5422,8.2312,1.0000
29.4393,0.0000,36.4467,7.6591,1.0000,5.4628,-0.7321,-2.1550,-1.3125,-1.5712,0.4829,-1.5792,-0.7477,-1.4830,0.1462,-2.0564,3.9955,2.9058,2.3398,2.2404,3.3496,3.9364,2.6547,2.2842,17.1487,1.0000
32.0818,0.0000,34.7786,5.9432,0.0000,0.0000,0.0913,-3.2088,-2.0520,-3.1832,-0.5134,-3.4888,-1.6605,-1.9405,-1.9006,-3.7483,1.1712,2.5443,0.8284,0.2860,1.2220,2.2455,1.7239,1.5842,4.7732,0.0000
33.4503,1.0000,34.9968,5.9803,0.0000,0.0000,0.2710,-1.2292,-0.6756,-1.0206,-0.0465,-1.3485,-0.0834,-1.0345,-0.6795,-3.3600,2.7339,3.0281,1.6270,2.2041,1.6839,3.6947,3.7434,2.1125,22.6855,1.0000
37.0303,1.0000,32.6625,8.0480,1.0000,6.6733,1.2985,-0.7380,-1.2264,-2.5775,0.2956,-2.5916,-1.5011,-0.3718,-0.6826,-2.6680,2.9192,1.0524,1.6605,1.5068,2.1105,1.9064,2.0888,-0.0292,11.3806,1.0000
52.3975,1.0000,28.2085,5.8388,0.0000,0.0000,-0.1197,-2.6876,-2.4538,-2.8041,-1.1847,-2.6520,-1.9786,-2.5321,-1.0984,-5.0523,2.5478,1.5635,2.3990,1.7433,1.6064,2.8695,2.3365,1.5501,11.5397,1.0000
38.0397,0.0000,27.5537,5.4696,0.0000,0.0000,0.0429,-3.1898,-2.1382,-1.6256,0.0309,-3.0327,-1.2017,-1.1248,-2.5031,-1.6702,1.6116,2.5670,0.9576,-0.1100,1.1977,1.9444,1.9705,0.5325,9.2313,1.0000
43.8402,1.0000,37.4396,5.6189,0.0000,0.0000,-0.7510,-2.6885,-2.0391,-1.8680,-1.1751,-2.2091,-2.7761,-1.5730,-2.0144,-3.6244,3.4314,3.0409,2.6005,1.8064,2.8302,3.4890,3.2585,2.4271,10.6016,1.0000
62.2915,0.0000,33.2548,5.6611,0.0000,0.0000,0.7430,-1.6725,-1.9190,-0.9688,-0.1926,-2.7386,-1.3774,-1.1245,-1.5129,-2.2960,1.2052,1.0795,1.2413,0.3709,1.3469,1.9090,1.9883,0.1222,4.2849,0.0000
44.0811,1.0000,31.8176,5.8480,0.0000,0.0000,0.5877,-3.7263,-3.4387,-1.9887,-1.6071,-2.8125,-1.4597,-2.4989,-2.7774,-2.2813,2.2936,1.7600,1.9906,0.0669,1.6325,1.5503,1.7961,1.4032,5.1119,1.0000
56.1127,0.0000,34.5383,7.4952,1.0000,3.0743,0.6813,-2.8157,-2.6590,-2.2837,-1.6148,-2.1952,-2.2594,-0.7434,-1.7832,-3.7402,2.4364,1.6496,1.4417,0.1458,0.5207,2.1040,2.1303,1.1022,4.8348,0.0000
37.7302,1.0000,38.0772,7.0852,1.0000,2.3321,0.0590,-4.6859,-2.7166,-2.5677,-0.6922,-4.3862,-1.4540,-1.3014,-1.0556,-3.3606,2.6616,2.6381,1.9987,0.7594,1.5881,1.9166,1.8702,1.2828,1.2580,0.0000
45.7402,0.0000,35.3116,6.9077,1.0000,9.5914,1.2111,-3.4187,-1.4859,-2.2419,-1.7414,-3.4331,-1.7520,-2.0162,-1.3577,-4.3076,2.2293,4.1570,1.7440,1.4314,1.3646,2.5797,2.3757,1.9424,6.5475,1.0000
37.5498,1.0000,31.5478,8.1146,1.0000,4.6871,-1.3017,-2.1671,-1.6748,-2.7375,-0.9232,-2.1176,-1.4448,-1.2986,-0.7479,-3.4135,2.0302,2.2869,1.6352,0.2918,1.1513,2.0394,2.0412,1.2836,9.7894,1.0000
44.2706,1.0000,40.0183,5.2084,0.0000,0.0000,0.4249,-2.6046,-2.1922,-2.1115,-0.6317,-2.5513,-2.2900,-0.8076,-2.0587,-3.1058,2.1592,2.3050,0.9972,1.1799,1.2014,2.6719,2.8000,1.1329,16.4958,1.0000
57.2434,0.0000,41.6063,6.2555,0.0000,0.0000,0.1638,-2.4143,-3.5469,-1.4979,-1.2936,-1.9478,-2.0103,-1.4530,-0.2277,-3.0908,1.6860,2.2452,1.9355,0.8305,1.2782,2.6006,2.4030,1.0156,12.0183,1.0000
28.9995,0.0000,36.7255,7.7451,1.0000,9.8150,1.3911,-2.2239,-1.3449,-1.3341,0.4165,-2.4622,-1.7230,-1.2597,-0.9018,-2.6119,1.3076,2.3540,1.2704,0.8950,1.4813,1.2736,1.9310,1.1484,8.2421,1.0000
52.7787,0.0000,38.8815,5.7495,0.0000,0.0000,0.9682,-1.4234,-2.2539,-2.0129,-1.3841,-1.0262,-1.0409,-0.5995,-1.9001,-2.5772,2.6823,2.7175,1.1294,1.7960,2.0668,2.0903,2.0212,1.4787,16.3469,1.0000
50.6151,1.0000,40.0888,7.7041,1.0000,6.4499,0.8074,-2.6468,-1.1279,0.0912,-0.7276,-2.7687,-1.7539,0.1722,-0.2043,-2.4362,2.7079,2.3948,2.5215,0.4620,1.2890,1.5041,1.7532,1.8860,13.5443,1.0000
41.4644,1.0000,39.5854,8.4632,1.0000,3.7354,0.4292,-3.2017,-1.5042,-2.0849,-0.8432,-2.1679,-1.6634,-1.4091,-1.3583,-2.3287,3.5347,3.1229,2.1943,1.5421,2.4744,2.2918,2.4848,2.4397,10.3709,1.0000
32.0934,1.0000,37.2634,5.9333,0.0000,0.0000,1.7172,-1.7002,-0.8438,-1.2471,-0.4236,-1.4502,-0.7270,-1.4990,-0.9513,-2.3056,1.6726,1.8371,1.6383,0.9784,1.1436,2.2492,2.3167,2.0150,10.2179,1.0000
48.7934,1.0000,37.1926,5.6004,0.0000,0.0000,-0.0084,-1.6325,-1.5077,-0.6110,-0.0337,-2.0345,-1.7249,-0.8478,-0.9463,-3.3758,2.2243,2.4470,2.7682,1.0599,1.2217,2.7128,2.9370,1.6445,13.2088,1.0000
42.1756,0.0000,36.8385,4.8302,0.0000,0.0000,-0.0316,-2.9933,-1.9146,-1.6255,-1.1022,-2.3319,-1.7391,-3.2811,-1.9547,-2.4295,2.2418,1.6802,1.7184,1.5759,1.0340,2.2394,1.9536,0.7799,10.0069,1.0000
50.5594,0.0000,29.5620,5.8634,0.0000,0.0000,-0.9454,-2.9865,-1.3016,-2.5515,-0.9033,-3.7049,-0.8048,-1.5500,-1.5675,-2.1833,2.4488,2.8033,2.3572,0.8779,1.0570,2.6916,2.1278,2.2519,9.1029,1.0000
48.2404,0.0000,37.6533,5.3097,0.0000,0.0000,0.9292,-3.0710,-2.4534,-1.5308,-1.0571,-4.0468,-1.8075,-2.4824,-0.5833,-2.9574,3.4307,4.0470,2.2696,2.1475,2.9482,3.7544,3.0510,2.8342,4.1544,0.0000
65.6196,0.0000,28.3988,5.9940,0.0000,0.0000,-0.3241,-3.3770,-3.7567,-3.2494,-0.6944,-1.6594,-1.5067,-1.7106,-2.0467,-3.9260,2.3003,2.5706,1.2098,1.3714,1.5688,2.7122,2.4274,1.4137,3.1258,0.0000
45.3671,0.0000,30.9243,6.8148,1.0000,1.2932,2.0478,-2.1647,0.0713,0.0423,-0.7910,-2.1131,-1.1700,-0.5179,-0.6099,-0.0533,2.2726,2.9216,2.0078,0.5416,2.0408,2.1937,1.6885,0.7644,9.7547,1.0000
36.7415,0.0000,40.3660,8.4491,1.0000,3.6242,-0.4618,-2.7300,-1.8109,-1.9664,-0.6886,-3.3756,-1.6731,-1.0899,-1.2808,-2.5978,2.4700,2.5149,0.9289,0.8060,2.1580,2.2328,2.1462,1.7309,9.3383,1.0000
49.9720,1.0000,38.2810,7.2924,1.0000,5.1310,1.5301,-1.5023,-1.3708,-2.0417,-0.5722,-2.2662,-0.9611,-1.1398,-1.5808,-3.3066,2.7773,3.2528,0.8904,2.1175,2.3102,4.0670,2.4149,0.8900,16.5300,1.0000
50.4200,1.0000,41.1933,5.1859,0.0000,0.0000,-0.9209,-3.2384,-3.5717,-3.2356,-1.7229,-4.3104,-2.2454,-1.6724,-2.5969,-4.0538,2.3043,2.3503,2.3029,1.7873,1.8913,2.6085,2.7713,1.4171,13.9584,1.0000
62.9511,0.0000,33.2775,5.1525,0.0000,0.0000,0.8299,-2.9846,-2.5548,-1.0574,0.0569,-1.9549,-0.6835,-2.2912,-0.2658,-2.3336,2.0960,2.9887,2.7452,1.9858,2.0452,1.8488,2.5013,1.1936,8.6311,1.0000
57.1862,0.0000,29.3149,5.4312,0.0000,0.0000,1.2086,-2.0268,-1.6063,-1.6295,-0.0115,-2.3456,-0.5635,-1.8701,-1.3668,-1.1557,2.2222,2.0998,1.8525,0.5270,0.9168,2.8748,1.6660,1.0895,1.5739,0.0000
51.9256,1.0000,33.4180,5.7895,0.0000,0.0000,-0.1009,-2.9542,-2.8605,-1.9153,-1.4264,-3.0157,-1.3225,-2.0136,-1.1526,-2.5831,2.8727,3.2319,2.7916,1.8214,2.6599,3.8359,3.2521,1.1638,15.4238,1.0000
64.0963,1.0000,34.9591,7.8325,1.0000,7.3219,1.2440,-2.1993,0.6686,-0.2474,0.5599,-2.1385,-0.6772,0.6523,0.8374,-0.7167,1.9829,2.7561,1.6521,1.9416,1.8286,2.6981,3.0177,1.4369,12.2508,1.0000
34.9236,0.0000,34.8554,4.9162,0.0000,0.0000,1.0282,-3.3211,-1.6715,-2.6308,-1.7397,-2.5879,-1.3737,-0.7769,-1.0927,-2.5399,2.4058,3.0367,1.4077,1.0646,2.2034,2.6817,3.1793,0.7644,10.0162,1.0000
40.9627,1.0000,39.6016,5.7883,0.0000,0.0000,-0.3877,-2.9544,-3.3869,-3.7396,-0.8461,-3.7075,-1.6563,-1.1321,-2.3290,-3.0505,1.2860,2.5177,2.1716,0.9174,1.8010,2.8018,1.8767,0.8847,15.6506,1.0000
37.8077,1.0000,32.8743,8.6024,1.0000,3.0051,-0.1289,-4.1684,-2.4545,-2.6589,-1.4894,-1.7633,-2.9984,-1.5110,-2.5185,-2.7949,2.4138,3.0427,1.5731,1.1493,1.7091,2.8222,2.4371,1.1727,1.2653,0.0000
43.7121,0.0000,36.0842,5.3627,0.0000,0.0000,0.6387,-2.2322,-2.5266,-2.3258,-0.0290,-1.2592,-0.9972,-1.5996,-0.9215,-0.9936,3.0491,2.5031,2.0610,0.5630,1.4715,2.8342,2.5696,1.7242,9.1283,1.0000
32.8565,0.0000,30.0512,4.8501,0.0000,0.0000,0.4819,-1.4758,-2.2231,-1.6274,0.0297,-1.9653,-1.7296,-1.5148,-0.4509,-1.7551,2.6306,3.7803,2.0661,0.7406,1.4906,2.3884,2.0108,1.4822,11.4555,1.0000
54.9867,1.0000,36.5264,5.2624,0.0000,0.0000,1.6097,-0.8247,-1.1287,-1.2265,1.0991,-1.1139,-1.2163,-1.0228,-0.1579,-2.0797,3.0516,3.6473,2.8083,2.9018,2.4216,2.5589,3.5864,1.2232,21.4706,1.0000
45.5556,0.0000,34.5140,7.6690,1.0000,5.9636,0.3789,-1.8036,-1.2496,-0.5440,-1.4731,-2.0467,-0.7237,-1.8844,-1.4944,-3.1584,1.8470,2.6048,1.8466,0.9904,1.0741,2.3735,2.6748,1.2464,3.1340,0.0000
31.8211,1.0000,31.1258,7.7183,1.0000,5.1886,0.4174,-1.3740,-0.2137,-1.7530,0.2927,-1.5353,-0.6066,-0.2706,-0.4089,-0.9581,1.8019,1.6147,1.1781,0.9115,1.5202,1.7736,0.8262,0.9977,9.9770,1.0000
36.8286,0.0000,33.4388,5.2301,0.0000,0.0000,1.2820,-3.0858,-1.3214,-0.9467,-0.0510,-1.3576,-0.9105,-0.5884,-0.7289,-3.6637,1.7614,2.6635,1.4944,0.4967,1.5894,3.5009,2.6514,1.3914,2.4124,0.0000
51.4487,1.0000,33.6712,8.4498,1.0000,6.5301,0.3357,-3.1233,-3.0111,-1.1135,-0.4039,-2.6250,-1.9938,-1.1492,-0.7592,-3.4259,2.5153,1.6232,1.2195,-0.4106,2.1190,2.9420,2.2755,1.1704,5.7417,1.0000
57.2194,1.0000,33.2843,8.2107,1.0000,12.7077,0.3961,-1.9508,-3.2339,-1.9620,-1.0277,-2.7642,-2.0271,-1.3287,-0.2108,-3.1113,1.3690,2.0070,2.5377,1.0706,1.3301,1.4938,2.7374,1.1003,11.3641,1.0000
69.9640,1.0000,42.4710,7.6486,1.0000,4.3055,0.6334,-1.0235,-1.9289,-0.1274,0.0104,-0.6625,-0.2224,-0.1692,-0.5014,-2.3817,1.2460,1.5701,0.7599,0.4159,1.1760,1.6361,2.0383,0.7378,4.5801,0.0000
75.0000,1.0000,34.0570,6.0381,0.0000,0.0000,0.4606,-1.9063,-1.8139,-1.8306,-0.6197,-1.6850,-0.4440,-1.3422,-1.4869,-2.3203,2.9374,2.5585,3.8037,1.4654,1.8463,2.5202,2.6598,0.9071,15.2120,1.0000
52.5585,0.0000,33.4025,5.5740,0.0000,0.0000,1.6220,-1.3135,-2.2557,-1.5232,-0.8176,-2.3475,-0.0876,-1.7302,-2.0563,-3.1199,2.4767,1.5230,1.8565,0.2960,1.2714,2.5362,3.2146,0.6791,10.3153,1.0000
37.1151,1.0000,27.0000,7.5692,1.0000,6.7308,0.6298,-2.0544,-1.4823,-0.7011,-1.4220,-1.4506,-1.3803,-0.3930,-1.8361,-2.5194,2.2098,2.0659,1.3918,0.5810,1.8979,2.1020,3.2260,1.4484,10.0156,1.0000
24.5475,1.0000,30.4761,5.4457,0.0000,0.0000,0.5890,-1.6677,-2.8567,-1.7237,-1.2992,-2.2032,-0.9756,-0.2719,-1.5211,-2.0673,1.6940,2.0559,1.2774,1.2172,0.6528,1.4840,1.5715,1.1653,11.8324,1.0000
50.9448,1.0000,33.3162,10.0272,1.0000,3.0819,1.4887,-3.4504,-1.4950,-0.9681,-0.5116,-3.0933,-0.7180,-1.8070,-1.2944,-2.7118,3.0398,3.5551,2.7920,1.7323,2.7686,2.6575,2.0400,2.0599,10.2260,1.0000
39.0576,0.0000,31.4137,7.0238,1.0000,4.3372,0.9724,-2.8692,-2.4169,-1.7533,0.0909,-0.8297,-2.2403,-0.8100,-1.8383,-1.9838,1.6966,2.2227,1.8114,1.0899,2.0594,2.8739,2.4103,1.1080,3.3421,0.0000
43.4311,0.0000,40.7177,5.2141,0.0000,0.0000,-0.3508,-3.3684,-2.8204,-2.3356,-0.8653,-2.6240,-1.9194,-2.5208,-1.3151,-3.2981,2.3647,2.1980,1.8287,2.4544,2.0458,2.9927,2.2489,2.0580,11.9211,1.0000
41.2669,0.0000,33.7578,8.7753,1.0000,2.4247,1.3294,-2.8051,-2.9719,-1.8751,0.2493,-2.3121,-1.5458,-1.7167,-0.0947,-3.3690,2.7562,3.1044,2.4163,2.0596,2.8673,3.2650,2.8858,2.3754,7.8966,1.0000
46.4513,1.0000,40.2980,7.7078,1.0000,0.9841,-0.1803,-2.3759,-3.4357,-1.2662,-0.3792,-2.0304,-1.1901,-1.3387,-2.0599,-3.0009,1.7575,1.8882,1.6421,-0.0308,1.7194,1.6849,1.6682,0.7693,11.3160,1.0000
59.7258,1.0000,34.7777,10.1716,1.0000,4.1315,-0.3802,-2.5087,-1.5947,-0.8124,-0.2204,-1.7036,-1.4642,-1.3091,-0.7961,-2.8477,2.3236,2.3205,1.9199,1.1169,1.5161,2.1212,2.7908,0.2847,12.4355,1.0000
49.7275,1.0000,34.6675,5.4805,0.0000,0.0000,0.6153,-3.3199,-2.7689,-1.6121,-0.1665,-3.2756,-1.2225,-1.6923,-1.4555,-2.0105,2.1766,2.1928,2.0977,0.3788,1.3376,2.3002,2.6739,1.3700,8.8926,1.0000
46.2550,1.0000,34.1004,7.9565,1.0000,10.8291,1.0460,-1.7775,-0.2377,-1.6334,-0.7080,-2.5189,-1.2580,-2.4055,-1.2064,-2.9459,1.5899,1.9479,2.1063,0.3262,1.3912,2.2203,1.8334,2.3263,14.3778,1.0000
36.6078,0.0000,34.5171,5.8991,0.0000,0.0000,1.0270,-2.1164,-2.1468,-1.1837,0.1745,-2.6873,-1.5618,-2.4765,-1.9542,-3.2843,2.0524,2.6483,1.5678,1.3530,2.1711,2.3053,2.3327,0.9167,8.3098,1.0000
29.5785,0.0000,42.2346,7.2133,1.0000,9.6626,0.4593,-3.2877,-2.5345,-2.9073,-0.8682,-2.5763,-1.5572,-1.4933,-2.6440,-3.6148,1.6134,2.7955,1.5963,-0.2168,2.2898,1.9347,1.9598,1.8736,0.7902,0.0000
42.6506,1.0000,27.0000,7.8738,1.0000,2.6301,0.0742,-3.0163,-2.1381,-0.9716,-0.0421,-3.1080,-1.0484,-0.7248,-1.7620,-2.1944,2.2150,2.3762,1.2931,0.1565,1.3597,2.4120,2.2061,0.8363,6.8597,1.0000
47.4084,1.0000,27.0000,8.5309,1.0000,6.2914,0.2717,-3.7015,-1.9894,-1.8973,-0.9837,-2.7738,-2.2437,-1.0917,-1.5941,-2.9552,2.3122,1.4946,1.9587,1.0530,2.5824,2.5423,1.8727,1.2593,8.8555,1.0000
67.4472,0.0000,32.0557,5.7325,0.0000,0.0000,0.6857,-3.3652,-2.7716,-3.6228,-0.7307,-3.8043,-1.9831,-1.5112,-1.4303,-4.1120,2.1033,2.6604,2.0038,0.5454,0.8486,2.4792,2.8498,1.2849,4.0919,0.0000
49.4330,1.0000,34.5654,5.2952,0.0000,0.0000,0.3479,-1.3665,-0.4529,-0.5390,0.3166,-2.4785,-0.3807,-0.6248,-0.2488,-2.5198,2.7880,3.2521,2.4949,1.1671,2.2082,3.5273,3.0672,2.2035,12.2226,1.0000
58.8101,1.0000,37.6055,5.7060,0.0000,0.0000,0.2617,-2.5254,-1.8383,-1.4301,-0.9243,-3.4065,-0.4845,0.5222,-0.7968,-3.4642,2.0225,2.2777,1.7946,1.0169,2.2286,1.3575,2.1882,1.1358,19.8222,1.0000
42.5077,1.0000,36.6289,5.4692,0.0000,0.0000,-0.2186,-2.4350,-1.1469,-2.5768,-0.7512,-2.4418,-0.9678,-1.4268,-2.3753,-2.4955,1.4771,2.5403,1.3946,0.7081,2.3923,2.9061,2.5534,1.4897,15.6478,1.0000
34.9656,1.0000,32.7709,5.1607,0.0000,0.0000,1.2998,-2.3470,-1.4078,-1.7768,-0.8883,-1.5755,-0.9286,-0.5304,0.0866,-3.0475,2.2012,3.5600,2.6973,1.1834,1.3911,3.0727,2.5998,0.9221,10.6577,1.0000
37.3837,1.0000,39.0857,8.0337,1.0000,7.2022,-0.0416,-2.6362,-2.5323,-1.4533,-0.8441,-3.3176,-1.6745,-1.2986,-0.8700,-2.6795,2.5572,2.4549,2.3402,1.5497,1.6567,3.0327,2.3125,1.3172,9.0322,1.0000
40.0225,1.0000,39.1359,6.0065,0.0000,0.0000,0.7689,-2.2309,-1.9449,-2.1440,-0.3217,-2.6239,-0.2660,-0.0793,-0.5715,-2.2053,1.9806,2.9942,1.9021,1.9223,2.8464,2.5151,1.1895,1.9779,20.0223,1.0000
71.4132,1.0000,35.3283,6.8363,1.0000,4.0110,0.3296,-3.5697,-2.4261,-2.0300,-0.7295,-2.4421,-1.0941,-1.8247,-1.9639,-2.0662,2.0948,1.9416,1.4716,0.6998,2.1295,2.4548,2.8207,1.5032,5.3194,1.0000
38.9647,0.0000,38.8320,6.5631,1.0000,7.7404,1.0168,-2.6770,-1.9376,-1.7488,-0.4664,-2.0589,0.3923,-0.7186,-0.4861,-3.5300,2.1145,2.2111,2.1604,1.5518,2.3105,2.5538,2.5536,1.7641,17.5618,1.0000
57.2234,1.0000,35.7269,5.3202,0.0000,0.0000,0.0121,-1.8149,-1.6058,-4.7458,-0.4974,-1.4749,-2.9975,-0.4512,-3.3565,-2.5207,2.0696,1.7837,1.3046,0.7113,1.7472,2.8926,1.4769,0.7754,8.9387,1.0000
38.0678,1.0000,31.9733,7.1992,1.0000,8.6782,0.3931,-4.3635,-2.1361,-1.3774,-0.5994,-2.3125,-1.9468,-2.6633,-1.1569,-1.9027,2.0853,2.8511,1.7607,0.9563,1.0236,2.6686,2.1796,0.9287,10.3168,1.0000
58.2473,0.0000,37.6402,7.7401,1.0000,3.4308,1.3037,-3.7734,-3.1664,-2.6949,-2.1097,-3.0296,-1.7868,-2.6990,-1.3985,-2.9709,2.1443,3.0575,1.5852,0.7647,2.3512,2.6536,2.7522,1.6572,3.3817,0.0000
52.2345,0.0000,34.9978,5.1299,0.0000,0.0000,-0.0385,-2.8828,-3.5982,-2.5129,-1.1126,-2.9005,-1.7427,-1.5067,-1.9349,-3.0796,2.2788,2.3000,2.3750,1.8314,2.4905,2.2352,3.1938,1.4482,15.8683,1.0000
46.2770,1.0000,34.5060,4.8358,0.0000,0.0000,1.2016,-2.3910,-1.5081,-1.6225,-0.7645,-1.9180,-1.6133,-0.7132,-1.0302,-2.7524,1.8470,2.2257,2.2302,1.3672,1.6110,2.9383,2.4451,1.1025,11.1288,1.0000
47.5516,1.0000,41.1283,6.6686,1.0000,8.3028,0.1375,-3.0727,-3.3818,-1.9647,-0.8280,-2.2794,-2.1553,-0.2428,-1.7586,-3.6151,1.8752,2.5557,1.8510,0.3781,1.9844,2.1824,2.9780,0.5936,8.3751,1.0000
40.7973,0.0000,27.0000,6.4169,1.0000,6.3153,-0.3949,-4.1776,-1.5058,-1.2156,-0.4017,-3.2785,-0.4982,-1.5378,-1.6049,-1.9708,2.1916,2.0717,1.3326,0.6823,2.3815,2.4961,1.8424,0.2896,7.6403,1.0000
52.9068,1.0000,28.1204,7.8467,1.0000,5.5456,0.9271,-0.7660,-1.2078,-1.4320,-0.4258,-3.2363,-1.3141,-0.0661,-0.4605,-2.3149,1.2672,1.7919,1.1686,0.5133,0.0594,1.7851,2.1332,1.4819,10.6593,1.0000
42.9952,1.0000,29.1582,8.2611,1.0000,4.5247,-0.3959,-2.7086,-1.5015,-1.5785,-0.5151,-3.0648,-0.9907,-3.3485,-1.2745,-1.2774,1.1633,1.6046,0.9693,0.5943,0.5167,2.6780,1.7717,0.6922,10.4750,1.0000
34.5183,0.0000,32.8653,7.9658,1.0000,5.2209,-0.8067,-3.2032,-2.4750,-2.5981,-0.4031,-2.5947,-1.7751,-1.0251,-1.6012,-0.9682,3.2556,2.8734,2.5907,1.2408,1.4640,2.5452,3.6914,2.0476,5.2454,1.0000
33.9427,1.0000,33.3543,5.1673,0.0000,0.0000,0.5211,-2.4113,-3.1577,-2.3595,-0.0396,-3.5455,-3.2183,-1.5857,-0.7776,-3.0914,2.4647,2.0290,2.3927,0.5216,0.9006,2.0915,3.1004,2.1796,8.0709,1.0000
49.8985,0.0000,27.7170,8.3452,1.0000,4.4662,0.1311,-4.0869,-2.1279,-1.7194,-2.1513,-2.2059,-1.3651,-0.7598,-1.1571,-2.5751,2.0293,2.0210,0.9213,0.8338,1.4828,2.6077,2.5167,1.0221,6.7579,1.0000
65.3700,1.0000,30.0668,5.6574,0.0000,0.0000,0.8166,-1.8034,-3.0018,-2.8196,-1.2516,-2.8025,-1.4585,-1.1734,-0.7157,-2.1281,2.6336,2.2482,2.3064,1.0256,2.0710,2.8635,2.5338,1.8942,9.1054,1.0000
49.7599,0.0000,30.6262,7.0263,1.0000,1.5874,-0.2979,-2.6655,-2.8116,-2.2576,-0.7224,-5.1677,-0.4626,-1.2420,-2.0915,-1.9263,1.3578,1.5375,1.3135,-0.1174,0.8838,1.6707,2.2808,0.7790,5.9853,1.0000
46.6950,1.0000,45.5584,5.2550,0.0000,0.0000,0.1221,-2.5980,-2.4241,-0.7741,-0.6176,-2.3518,-0.6176,-0.6507,-1.1452,-1.8634,2.9177,2.9130,2.0122,1.5004,2.4128,3.4967,2.7149,0.9632,15.2470,1.0000
51.1441,1.0000,42.6078,5.3784,0.0000,0.0000,2.4308,-1.6514,-1.1430,-0.8893,1.1250,-1.9698,-0.7994,-1.3764,-1.3378,-2.4593,1.2693,1.9082,0.3044,1.3850,1.5320,1.7594,1.2854,1.2750,13.9914,1.0000
62.3660,1.0000,32.6471,8.2968,1.0000,4.6099,0.3553,-1.2899,-1.2840,-2.0381,-0.8104,-1.3273,-0.3842,-0.7494,-1.1662,-1.6360,1.6318,1.6728,1.1691,0.7417,1.6074,2.7374,2.5384,1.0826,11.8165,1.0000
50.4132,1.0000,32.8639,5.3521,0.0000,0.0000,-0.3947,-2.5843,-0.5571,-1.5179,-0.9798,-2.1341,-1.7032,-2.0663,-0.8394,-2.0168,2.9123,2.3759,1.1799,0.7814,1.2562,2.0854,1.6842,0.8764,8.3165,1.0000
43.4798,0.0000,29.3286,8.9719,1.0000,2.8639,0.1513,-2.9698,-2.8563,-2.2098,-1.3142,-3.5770,-0.6721,-1.2041,-1.2019,-2.4582,2.6720,3.5920,1.5091,0.7546,1.4961,3.0167,2.3840,1.1177,1.8893,0.0000
60.1692,1.0000,27.0000,5.3602,0.0000,0.0000,1.0168,-2.6937,-1.6671,-1.8143,-0.1503,-2.0758,-1.5437,-1.9157,-1.1040,-2.8316,2.7300,3.1979,2.3124,1.1007,2.1804,2.7484,2.5301,1.3835,10.0449,1.0000
52.7163,1.0000,33.9740,5.7199,1.0000,3.1109,-1.1123,-2.7489,-1.7320,-0.2961,-0.8541,-2.8928,-2.3280,-1.2120,-1.3027,-3.4738,2.8550,2.8594,2.8071,2.2692,2.5393,2.8902,3.4241,2.1987,15.9822,1.0000
64.8933,0.0000,30.0097,6.7878,1.0000,0.4798,0.2601,-4.1318,-1.7629,-2.6412,-1.0128,-3.8771,-2.4162,-1.9527,-1.8894,-3.0591,3.8620,3.2953,3.0412,2.1045,2.5323,3.2455,3.3030,2.4306,12.1428,1.0000
50.0156,0.0000,34.1182,5.2705,0.0000,0.0000,1.5513,-1.6480,-0.7583,-0.0871,0.6611,-1.6038,0.1093,0.5264,0.2094,-2.6696,2.9926,2.9469,2.0816,1.3034,1.3724,3.5673,2.3808,2.0924,13.8788,1.0000
34.5308,1.0000,27.2991,6.6641,1.0000,2.6483,-0.2732,-3.0416,-1.7247,-1.9880,0.0180,-1.6517,-0.6230,-0.2312,-1.7702,-2.3076,2.4659,2.7334,2.0522,0.8956,1.3374,3.4144,2.5229,2.0260,9.0534,1.0000
32.9502,1.0000,31.0711,6.0026,0.0000,0.0000,-0.0860,-4.0059,-2.6986,-1.3951,-0.6516,-1.4331,-1.5276,0.3303,-1.1461,-2.7401,3.1309,2.6064,2.4910,1.5405,1.5370,2.7391,2.9100,1.4083,7.6641,1.0000
66.1602,0.0000,35.1688,7.2704,1.0000,6.0686,-0.6235,-2.1260,-2.5059,-2.4756,-0.0014,-1.8655,-0.7881,-1.4223,-1.3353,-2.8444,2.1051,2.3267,3.0075,0.3997,2.0242,2.4833,2.0759,1.2190,6.4889,1.0000
66.9603,0.0000,36.1479,6.2617,1.0000,7.0820,1.0260,-1.2167,-1.2126,0.1746,0.8407,-1.7562,-0.0472,0.9101,1.1198,-0.8083,2.7004,3.0586,2.3720,2.0572,2.8389,3.5041,2.6806,2.1620,21.0472,1.0000
46.0253,0.0000,36.3786,7.9685,1.0000,5.4319,0.4205,-2.7552,-1.6180,-0.5634,-0.0439,-1.8887,-1.1274,-1.0817,-1.0910,-2.4000,2.5995,2.1713,1.1646,-0.0315,1.4542,2.3731,1.4595,1.4893,1.7778,0.0000
43.7849,0.0000,28.5578,5.6279,0.0000,0.0000,1.7745,-2.2986,-1.5274,-1.9706,0.2378,-1.1458,0.1432,-0.4053,-0.2409,-2.1973,2.3913,3.2786,2.4438,0.9441,2.2239,3.1625,2.4016,0.9321,8.4084,1.0000
64.0759,0.0000,38.3461,6.0480,0.0000,0.0000,0.8224,-2.2169,-1.7490,-1.4849,-0.0504,-2.4229,-1.4117,0.1973,0.8882,-3.0893,2.3602,1.9737,2.4575,0.9889,2.6314,1.6337,2.4194,2.0629,13.5533,1.0000
35.8225,1.0000,30.8990,8.1585,1.0000,1.8173,-0.6076,-3.6699,-2.6134,-1.7196,-0.6331,-2.7667,-1.5082,-2.0004,-1.8425,-3.2060,1.7658,2.1988,1.5489,0.5628,1.5738,1.6225,1.9281,1.2301,6.0311,1.0000
38.1580,1.0000,37.3479,8.2633,1.0000,5.3063,-0.8674,-3.9139,-3.4810,-2.0951,-1.1727,-2.7971,-3.4251,-3.0170,-1.7610,-5.5415,2.1709,1.8984,2.3341,1.4871,1.2540,1.8531,1.7420,1.4255,5.0175,1.0000
55.0766,1.0000,34.4521,5.6589,0.0000,0.0000,1.3797,-3.6235,-1.4010,-2.3150,0.1389,-0.1714,-2.6611,-0.5071,-2.2562,-2.3573,2.4653,3.0006,2.0184,0.8769,2.3299,2.4608,2.5926,0.7496,6.8659,1.0000
43.6593,0.0000,28.3063,5.9315,0.0000,0.0000,0.2346,-2.5606,-2.6925,-1.4157,-1.6849,-1.8643,-1.8927,-2.2985,-0.4613,-2.9869,1.9581,2.9183,1.6444,1.5565,0.6363,2.1536,2.1108,2.0418,5.3080,1.0000
47.9437,0.0000,33.0771,5.4224,0.0000,0.0000,1.9261,-1.1506,-1.8062,-1.2077,0.1267,-0.7917,-0.4117,-0.2576,-0.6006,-2.0119,1.5986,2.5884,2.3818,0.7779,1.4925,2.5229,1.5286,0.9518,8.6894,1.0000
46.2021,1.0000,36.1441,5.5513,1.0000,14.1209,1.4437,-2.2319,-1.9199,-1.8927,-0.7476,-3.2855,-1.9545,-0.1791,-1.3351,-2.2333,3.0657,3.0937,2.3058,1.6281,2.4741,3.4114,2.6019,2.5988,16.0473,1.0000
51.7133,1.0000,37.2583,5.2585,0.0000,0.0000,-1.5830,-2.8682,-2.7004,-2.7487,-1.1396,-3.4898,-3.6455,-1.4277,-1.9271,-3.7881,3.0898,3.1884,1.9781,0.9994,1.8633,2.8333,1.7320,1.7471,10.5035,1.0000
63.4823,1.0000,33.8656,4.9801,0.0000,0.0000,-0.3729,-3.9720,-2.3941,-1.1800,-0.7859,-3.7616,-1.7743,-1.6474,-1.1299,-2.7519,3.0725,3.1260,2.0433,1.1122,2.1977,2.7930,2.8785,1.9807,8.5317,1.0000
48.9964,0.0000,41.3930,7.6191,1.0000,1.7049,-1.9887,-3.0274,-3.4564,-3.6866,-1.7831,-3.2870,-3.6582,-1.8821,-1.8961,-3.8336,2.9551,2.1395,2.2010,1.1234,1.8263,3.1000,3.0075,2.2698,7.8967,1.0000
55.0833,1.0000,39.0338,4.8852,0.0000,0.0000,-0.2941,-3.5769,-1.6907,-3.1507,-0.3202,-2.9688,-1.9349,-2.7389,-1.8939,-2.8902,2.5554,2.5416,1.9516,0.3639,2.3701,2.4366,2.6262,1.7390,12.0302,1.0000
25.4481,1.0000,33.3451,7.0847,1.0000,3.1339,-0.6691,-2.6005,-2.2129,-2.5200,-0.3454,-4.2754,-1.7110,-0.5197,-0.6351,-2.7573,1.5528,1.6934,2.3713,1.0864,1.2710,2.2561,2.6483,1.6331,10.2151,1.0000
47.4641,1.0000,37.8755,5.9504,0.0000,0.0000,0.1587,-3.1609,-2.4273,-1.6680,-1.3507,-2.2466,-0.2422,-1.2802,-2.2524,-3.8325,1.4204,3.0468,2.4141,1.1397,1.2017,3.0374,2.6171,0.6928,14.9059,1.0000
38.7245,1.0000,43.2021,8.2039,1.0000,2.8924,1.0213,-2.4273,-1.1595,-1.8415,0.2516,-2.2528,-1.6590,-1.1869,-1.8520,-1.2755,2.1608,4.1634,2.4442,1.2562,1.6586,3.7744,3.2271,2.5485,8.3999,1.0000
34.5931,1.0000,43.3222,8.3987,1.0000,1.2753,0.3229,-2.1440,-2.2903,-2.5268,-0.8722,-1.8725,-1.8926,-1.8686,-1.3311,-2.5903,2.4489,3.2492,1.8095,1.4408,2.1175,3.4849,2.8445,1.3980,15.2376,1.0000
38.3403,1.0000,28.9740,6.5758,1.0000,6.7454,1.7143,-1.8749,-1.0052,-0.6659,-0.6930,-2.5708,-1.7326,-1.6805,-0.4276,-2.2210,2.3384,1.5935,0.5289,1.1073,1.1685,1.9982,2.3224,1.6461,8.1869,1.0000
44.3246,1.0000,30.3306,5.4778,0.0000,0.0000,0.4636,-4.5207,-0.9938,-2.6086,0.5486,-3.5751,-2.2582,-2.9635,-1.4716,-3.9364,2.6207,3.6885,2.6961,1.8454,2.4398,2.4952,3.3244,0.7055,9.0328,1.0000
58.0749,1.0000,41.1821,5.3720,0.0000,0.0000,-0.4584,-3.9290,-2.0045,-1.7474,0.2993,-3.1542,-1.5912,-2.3014,-1.8399,-3.4838,1.9482,2.3719,1.4467,0.7383,2.4575,3.0223,2.0053,1.0740,8.7313,1.0000
33.4097,1.0000,29.7377,7.7903,1.0000,8.0030,0.7716,-1.7078,-0.9550,-1.9216,0.4702,-2.0554,-1.2511,-1.2360,-1.2819,-1.2634,1.5338,2.5812,1.6727,-0.0354,1.4423,2.4183,2.5049,1.0484,4.2062,0.0000
48.3369,1.0000,28.5486,5.8340,0.0000,0.0000,0.6459,-2.3831,-2.0698,0.0133,0.6874,-2.4883,-1.2412,-0.9208,-0.7910,-2.8533,2.0764,3.5028,2.2261,1.7931,1.8180,3.1931,1.9744,1.3829,7.3430,1.0000
42.6741,1.0000,32.3121,5.6733,0.0000,0.0000,0.7511,-1.3889,-2.5458,-2.3898,-0.8644,-2.7779,-0.1462,-0.3786,-0.4519,-2.7104,1.5750,1.8773,2.2739,0.6468,1.8671,3.1175,2.2474,1.7477,10.8050,1.0000
44.3956,0.0000,36.3910,5.5510,0.0000,0.0000,0.1709,-3.7681,-1.7964,-1.6979,0.1111,-2.7010,-1.6711,-1.1693,-0.7695,-3.8086,2.6187,2.6915,2.5412,2.3790,1.8835,2.4771,2.1885,2.1215,13.0179,1.0000
59.0303,1.0000,34.0392,7.3633,1.0000,0.8966,0.9888,-2.4093,-2.5641,-3.2321,-0.9030,-1.7221,-0.4476,-0.9231,0.0877,-2.6470,2.9776,2.4757,1.0610,0.7898,1.9503,2.4828,2.4009,1.0650,3.5843,0.0000
53.9193,1.0000,31.5725,6.7053,1.0000,5.7672,1.1626,-2.6712,-2.1932,-2.1773,-2.0173,-1.8004,-2.0153,-1.8709,-2.2796,-3.1922,2.9085,2.9321,2.6064,1.6477,2.4458,3.2505,2.3929,1.9814,6.5733,1.0000
62.7114,1.0000,31.4660,7.0065,1.0000,2.4756,1.8108,-0.5371,-2.3015,-1.3980,-0.7116,-1.3127,-0.7119,-1.0192,-0.6809,-2.5473,2.7749,3.3252,2.5907,1.1242,1.7201,2.6497,2.7317,1.5890,8.8811,1.0000
46.3004,1.0000,31.2945,7.4055,1.0000,5.7183,1.6914,-1.7381,-0.9569,-3.0308,-0.3110,-0.7330,-0.0800,-1.8424,-1.0253,-3.1425,1.6258,1.6091,0.4469,-1.0958,0.7490,2.7637,2.4488,0.1838,0.7896,0.0000
40.3446,1.0000,30.5422,5.7924,0.0000,0.0000,1.7689,-1.9378,-2.0291,-1.3636,-2.0033,-3.0981,-1.4195,-0.5662,-2.4973,-3.0612,2.3899,1.7306,1.1144,0.2369,1.2264,2.0317,2.0357,1.2512,7.7388,1.0000
45.5376,1.0000,44.7673,5.9151,0.0000,0.0000,1.2077,-3.4050,-1.8334,-1.7184,0.6393,-2.4416,-1.4204,-0.4344,-1.9550,-2.7887,2.0979,2.4391,1.3484,0.3059,0.7138,2.4787,1.8307,0.0588,7.4390,1.0000
50.6675,0.0000,35.8388,5.5738,0.0000,0.0000,0.0354,-2.8317,-1.5405,-1.4357,-1.0836,-2.4430,-0.5047,-1.6758,-1.1692,-2.8886,2.2621,1.7981,2.6636,0.8857,2.0733,3.1256,1.9820,1.4363,15.1251,1.0000
49.9423,1.0000,38.4904,7.2762,1.0000,20.8173,0.3496,-3.8397,-1.3134,-2.4727,-0.1018,-3.0425,-2.0964,-0.5910,-0.7599,-2.7301,2.6321,2.6964,2.3413,0.7101,2.1490,2.4694,2.6527,1.9521,11.9722,1.0000
36.0717,1.0000,32.2992,5.6401,0.0000,0.0000,1.0089,-2.6031,-1.8490,-2.1128,0.1067,-2.8109,-0.3761,-1.1932,-1.0862,-2.0874,2.7013,2.8523,2.5537,1.8442,2.9104,3.0541,2.9499,2.3363,20.5567,1.0000
48.9954,1.0000,33.6632,8.0814,1.0000,14.1132,0.4191,-2.8166,-2.0729,-1.2226,-1.0102,-2.6022,-1.5191,-0.6371,-1.3333,-1.5530,2.0058,1.6480,1.9324,0.8244,0.9009,2.4671,2.7586,0.3330,3.8562,0.0000
50.5105,1.0000,31.2890,8.2719,1.0000,4.2956,0.2748,-2.8220,-2.2138,-2.8480,-1.5982,-3.2466,-1.1490,-1.5616,-1.9694,-2.3448,2.9134,1.3502,1.6358,1.9455,1.6059,2.5912,2.7297,0.5533,7.5480,1.0000
75.0000,1.0000,27.0000,5.4603,0.0000,0.0000,1.6409,-1.2249,-1.9392,-1.5997,1.1570,-1.6577,-0.9863,-0.0349,0.1077,-2.3965,2.3433,2.5526,3.0088,0.8105,1.7373,2.2369,1.9268,1.9323,13.9446,1.0000
68.6453,0.0000,28.2990,8.4694,1.0000,3.4763,0.5756,-1.8442,-2.5983,-1.7227,-1.3076,-3.2224,-2.0154,-1.0487,-1.6584,-3.3975,2.3160,2.2009,1.6462,0.7691,1.3665,1.7378,1.9568,0.8933,3.9003,0.0000
38.6143,0.0000,27.0000,5.7473,0.0000,0.0000,0.4412,-3.4451,-1.8980,-1.1432,-0.6630,-2.6557,-1.2778,-2.5849,-1.0813,-0.8205,1.8453,2.4034,1.9689,0.7846,1.5458,3.4850,3.4002,0.9566,8.9568,1.0000
44.8388,1.0000,27.0000,9.0209,1.0000,14.7803,0.3019,-2.7236,-1.5193,-0.5813,0.3327,-3.6368,-0.9521,0.7556,-0.4955,-3.1562,1.7513,1.6980,2.1711,0.7331,1.6217,3.3162,2.2470,1.5986,9.4160,1.0000
31.9021,1.0000,29.1209,9.5562,1.0000,5.5450,0.6255,-3.4808,-1.2776,-2.4632,-0.6500,-3.1865,-2.0438,-0.4007,-1.3392,-3.2797,2.6123,2.3014,2.5906,0.9199,2.5541,2.4880,2.3057,0.9795,13.2986,1.0000
41.5022,1.0000,40.4623,6.6469,1.0000,9.8224,-0.5162,-4.3233,-3.5900,-2.5915,-0.7732,-3.6443,-1.2312,-2.3735,-2.1959,-4.2773,1.7454,2.0435,0.4298,0.5065,0.9479,2.3595,2.0270,0.4946,6.3777,1.0000
51.4717,1.0000,34.3000,5.5236,0.0000,0.0000,1.1926,-0.7507,-2.5902,-1.6228,0.6632,-2.9897,-0.7298,0.0570,-0.7368,-1.9140,2.0249,2.2609,2.6362,0.8046,1.3866,1.9309,1.4859,1.2838,17.0958,1.0000
61.2644,0.0000,40.3075,5.5402,0.0000,0.0000,1.8087,-0.6468,-1.1732,-1.3147,-0.4440,-1.1211,-1.6492,-0.6877,-0.5638,-2.4659,2.4217,3.2541,2.7990,2.8039,2.3588,3.0603,2.3297,2.2396,16.9557,1.0000
39.9801,1.0000,36.3494,5.5567,0.0000,0.0000,0.6239,-0.5998,-1.5114,-1.5499,0.6144,-1.7254,0.1159,-0.3464,-0.7153,-3.2649,2.3711,2.8866,1.5305,1.3780,1.9339,2.7156,2.1174,2.0000,14.8146,1.0000
40.8044,1.0000,38.0215,5.8638,0.0000,0.0000,-0.8958,-4.4292,-2.5356,-3.5185,-0.6422,-3.2697,-2.4552,-2.5810,-1.7439,-4.1685,3.5302,2.3815,2.6973,0.1233,2.2710,1.8515,2.2009,0.7849,6.2443,1.0000
24.3798,0.0000,30.4460,5.1199,0.0000,0.0000,-0.3883,-1.9854,-1.7884,-1.9586,-0.1730,-2.4491,-1.1922,-1.6807,0.1202,-3.0429,2.1706,2.9095,1.1013,0.8778,1.3696,3.1784,2.5079,0.7410,1.9369,0.0000
46.2107,1.0000,36.8578,5.5615,0.0000,0.0000,1.6448,-2.3059,-1.0169,-0.7607,0.8084,-2.3556,-0.1125,0.7904,-0.6136,-1.9312,2.0172,3.2426,2.5078,0.9432,1.7943,2.5911,2.2267,0.6212,18.0399,1.0000
36.3134,1.0000,37.7792,6.7548,1.0000,4.6235,-0.0188,-3.0062,-0.9752,-2.4701,-1.3378,-1.5640,-1.1069,0.2564,-1.4449,-2.5829,1.8934,3.1013,1.8548,1.1579,1.8724,3.7196,2.5643,2.0979,14.2637,1.0000
42.1762,0.0000,31.9051,4.8929,0.0000,0.0000,-0.1285,-2.6776,-3.4412,-1.7364,-0.7129,-2.8455,-2.0781,-2.1498,-1.2102,-3.9467,1.9411,2.2138,1.8223,0.6194,1.4419,2.7723,1.7921,1.1416,4.8986,0.0000
38.3545,1.0000,37.0179,5.5629,0.0000,0.0000,0.8095,-0.9021,-0.3784,-2.0983,-0.3888,-1.6779,-0.9800,-1.5895,-0.5731,-2.3166,2.7252,2.2167,2.6178,1.4063,1.8922,1.7603,2.2443,1.5900,21.3312,1.0000
46.9631,1.0000,37.0478,6.3904,1.0000,7.1048,1.9315,-2.2538,-0.6678,-2.0366,-0.8098,-1.5987,-0.2914,-1.3012,-0.7996,-3.2456,3.3472,3.2312,3.1016,1.2187,2.2630,3.7266,2.5592,2.4210,10.5140,1.0000
28.6650,1.0000,32.0270,7.8577,1.0000,11.1354,0.2550,-2.0236,-2.2029,-1.9293,-1.3715,-3.0457,-0.4511,-1.1695,-1.9925,-3.0887,2.7400,2.8271,2.0459,0.8739,2.7855,3.1420,2.8371,1.4856,5.3472,1.0000
31.8625,0.0000,29.4475,7.7660,1.0000,11.4510,-0.8779,-3.8073,-1.6597,-2.3425,0.2606,-2.8322,-1.7994,-1.0415,-3.3424,-3.0618,2.3227,2.5997,2.2457,1.6591,1.5551,1.9574,2.4337,0.5384,9.5956,1.0000
71.4217,1.0000,29.1714,8.2372,1.0000,1.7110,0.3608,-1.5001,-1.0268,-2.1842,0.5485,-2.2730,-1.7343,-0.7508,-1.1085,-1.4470,2.1058,2.1423,2.1015,2.1186,0.9026,3.6693,2.3700,1.6427,8.4563,1.0000
33.8384,1.0000,34.8893,10.0045,1.0000,9.7710,0.6725,-2.3505,-1.2128,-0.7564,0.3485,-1.0385,-0.4770,-0.4327,0.2036,-2.1192,1.4511,2.7086,1.8389,0.9903,0.6373,2.3024,2.4890,1.0036,8.6977,1.0000
35.9354,1.0000,35.9715,7.9050,1.0000,2.0986,0.4266,-1.3005,-0.4823,-1.2203,-0.3320,-0.9515,-0.2850,-0.2565,-0.7673,-1.8459,3.0045,3.4048,2.1220,2.4043,2.3566,3.1621,2.9895,1.9804,17.7091,1.0000
68.2060,1.0000,30.9336,5.0906,0.0000,0.0000,0.3826,-3.1039,-2.0418,-1.7279,-0.9458,-1.9980,-0.6600,-0.4830,-1.3630,-2.1838,0.7219,1.7668,0.6208,1.2155,1.9332,2.4804,1.7938,0.4027,12.6569,1.0000
75.0000,0.0000,34.6196,6.4147,1.0000,9.9800,0.4624,-3.5042,-1.7314,-1.8145,1.1096,-1.3303,-0.7213,-0.6838,-0.8253,-3.1025,1.9055,3.4105,1.7826,0.0560,2.1668,3.2755,3.2472,2.0330,5.9761,1.0000
35.1128,1.0000,37.0674,6.1046,0.0000,0.0000,-0.9912,-3.7408,-2.6910,-3.9548,-1.8980,-3.6445,-2.6428,-2.6622,-2.5888,-2.7170,3.0209,2.8175,1.2025,1.2679,2.1702,2.6369,2.4060,1.0112,10.5422,1.0000
43.9493,1.0000,37.2819,5.3382,0.0000,0.0000,0.9297,-2.8345,-1.9729,-1.7537,-1.0730,-3.0462,-0.8908,-1.4903,-2.0747,-2.9310,1.6990,3.2704,3.0361,1.4665,2.2099,2.3998,2.9422,2.5262,17.2712,1.0000
51.7571,1.0000,41.4835,5.4910,0.0000,0.0000,0.4944,-4.0453,-2.3797,-1.5415,-0.5364,-1.1659,-0.6527,-0.1269,0.7827,-1.9271,1.3825,2.3881,1.9899,1.2401,2.4483,3.5624,2.3660,1.7987,10.9605,1.0000
67.0157,0.0000,40.2464,5.3590,0.0000,0.0000,0.5305,-1.8246,-2.1699,-1.5722,-0.8875,-2.1266,-1.8128,-1.5842,-0.9844,-2.8313,2.3505,2.1726,2.0636,1.4976,1.9249,2.1923,2.1442,1.1226,13.6498,1.0000
37.1446,1.0000,29.9942,7.5570,1.0000,5.6310,-1.1420,-4.2305,-3.6529,-3.4188,-1.4110,-3.4069,-1.8093,-1.6442,-1.4789,-3.2276,1.7945,2.4702,2.0674,1.5993,1.3542,2.2326,3.0516,1.2921,2.3342,0.0000
45.3019,0.0000,42.0761,5.4177,0.0000,0.0000,0.5677,-1.7174,-1.0622,-1.1243,0.7418,-3.5354,-1.3209,-1.0525,-0.1853,-1.3345,2.3181,2.4109,2.5768,1.9145,2.5843,2.9217,2.2785,2.6053,21.6606,1.0000
56.5507,1.0000,32.1106,6.3604,0.0000,0.0000,-0.7601,-1.9485,-2.9797,-2.9147,-1.2079,-3.1880,-3.0634,-1.3745,-1.4120,-2.6191,2.8138,2.4544,2.8841,1.2253,2.7632,3.6981,2.4026,2.0907,9.3957,1.0000
52.7824,1.0000,39.2019,5.9872,0.0000,0.0000,0.0532,-2.7510,-2.1511,-0.7380,-2.5074,-3.3786,-1.7982,-2.2402,-1.8514,-3.2776,2.7693,4.1257,2.2074,2.4477,2.4542,2.6271,2.9048,1.9584,15.5718,1.0000
43.8623,0.0000,34.8059,8.9523,1.0000,9.3278,-0.1261,-2.7358,-1.7170,-2.0454,-1.0229,-2.7672,-1.6724,-2.5520,-1.2756,-3.3632,1.6647,2.4175,2.2997,1.2295,1.4556,2.4131,2.2751,1.3838,4.1133,0.0000
46.5279,0.0000,32.6453,5.7267,0.0000,0.0000,1.4092,-1.8038,-0.6851,-1.8736,-0.3390,-2.8754,-1.6097,-0.0294,0.1120,-3.0760,2.9659,2.9159,1.5699,1.0559,1.9762,3.2664,3.2222,2.5275,6.3542,1.0000
32.8761,1.0000,27.0000,6.0670,1.0000,4.5769,0.0334,-2.7854,-1.7193,-3.1023,-1.9874,-2.5938,-3.2235,-2.0435,-1.7606,-3.0800,2.3784,2.9511,1.3848,1.4018,1.2778,2.5063,3.8324,1.6589,6.8092,1.0000
45.3801,0.0000,33.7280,8.6369,1.0000,7.6912,0.2866,-2.9138,-1.4995,-1.5829,-1.0019,-2.4902,-1.2505,-0.0142,-0.6324,-1.7970,1.7817,2.5169,1.5843,0.5026,2.5691,3.0025,2.5119,1.1685,5.9073,1.0000
45.0697,1.0000,27.4828,5.8568,0.0000,0.0000,-0.0885,-3.1638,-2.4432,-2.2096,-1.6287,-2.0538,-1.2117,-1.6563,-1.1350,-2.8792,2.1135,3.2736,2.3293,-0.1803,2.9388,2.7952,2.6859,2.0700,12.2766,1.0000
50.5539,1.0000,38.8528,6.9174,1.0000,4.7631,0.9759,-3.4059,-2.1651,-1.9224,-0.2531,-2.9588,-3.2920,-2.2094,-1.6894,-3.1088,2.5792,3.0224,2.0058,0.7475,2.0061,3.4010,2.2611,1.1862,7.6437,1.0000
41.8914,0.0000,41.3256,5.8661,0.0000,0.0000,1.7470,-1.6918,-1.3563,-1.2261,0.7635,-2.2021,-0.9426,-1.2986,0.2279,-1.8796,3.0326,2.5416,2.0048,1.1814,1.9054,1.9476,2.1616,1.5103,9.7592,1.0000
53.1869,1.0000,30.9139,5.3355,0.0000,0.0000,-0.1660,-2.8839,-1.8515,-2.1220,-1.1477,-3.1808,-1.5545,-1.7040,-1.8923,-4.0139,2.4339,3.1904,3.2049,2.4281,2.8543,3.1891,2.7451,2.0259,16.1094,1.0000
59.1399,0.0000,35.8589,7.5398,1.0000,3.5399,0.4621,-2.7141,-2.2463,-1.7206,-0.1154,-1.9769,-1.0211,-1.2206,-1.5573,-3.4124,2.6513,3.0925,2.5980,1.4804,2.5289,3.6220,3.3119,1.9119,12.7734,1.0000
49.7097,1.0000,31.2357,8.8822,1.0000,6.5854,-0.0745,-2.7514,-2.7314,-2.0114,-1.5416,-4.0128,-1.4509,-1.9715,-2.3480,-4.0709,1.7997,1.8283,1.3061,0.9174,1.6720,1.5436,1.7063,1.0458,10.9374,1.0000
51.8693,0.0000,31.6718,5.6370,0.0000,0.0000,0.7384,-1.4512,-1.9062,-1.6272,0.4473,-3.3414,0.0963,0.8645,-2.5617,-2.4642,1.7602,2.5227,1.6902,0.6445,1.5755,2.5486,1.7591,1.0103,6.5123,1.0000
48.5847,1.0000,37.9852,7.5070,1.0000,5.3745,-0.1752,-2.9997,-2.5556,-1.5401,-0.8955,-3.3573,-1.9263,-1.1715,-2.3875,-4.2696,2.5806,2.1932,1.1189,0.2089,1.2436,1.5641,1.7625,1.7324,4.6003,0.0000
48.0009,1.0000,34.3266,4.9333,0.0000,0.0000,1.9942,-2.5235,-1.6663,-1.6691,0.1471,-0.8557,-0.5267,-1.6121,-1.7208,-2.6390,1.4728,2.0137,2.7484,1.2841,1.5268,2.4057,2.4860,2.1317,15.1360,1.0000
40.0629,1.0000,42.3284,4.9806,1.0000,4.3771,0.1854,-3.9655,-1.8166,-2.8570,0.0232,-1.5100,-1.7770,-1.0275,-2.2298,-2.5523,1.9815,1.9560,1.0269,0.8451,0.6915,1.8609,1.4120,1.3365,8.6647,1.0000
51.4814,1.0000,32.3300,8.7372,1.0000,2.8566,0.0014,-3.5543,-2.5601,-2.5237,-1.2771,-2.3276,-2.4376,-0.4800,-2.5377,-2.1345,1.9950,2.5963,1.0950,1.0201,0.9569,2.0588,3.1370,1.6297,2.8133,0.0000
46.9298,1.0000,38.9970,6.2993,1.0000,6.6911,-0.4132,-2.8854,-2.6396,-2.4013,-0.4402,-1.7824,-0.8708,-1.5695,-1.2973,-3.4376,2.2230,4.2283,1.9895,2.1633,1.4991,2.8326,2.0712,1.7861,13.5379,1.0000
71.0249,1.0000,34.9384,7.9652,1.0000,1.7186,-0.3932,-3.7367,-2.8171,-2.1888,-2.4696,-3.2619,-1.1958,-1.0534,-2.2355,-4.3174,2.3336,2.3442,2.5406,1.0016,2.0051,3.0751,1.7862,1.0660,7.3832,1.0000
65.3069,1.0000,38.0810,5.6160,0.0000,0.0000,0.7679,-4.2079,-1.5180,-2.1073,0.4961,-3.6878,-1.0185,-1.3447,-1.6073,-3.8272,2.3323,2.8595,2.8609,1.3675,1.8983,2.3980,2.7388,1.4487,15.3038,1.0000
52.2443,1.0000,32.4878,8.7930,1.0000,10.8421,0.8766,-1.9265,-0.4098,-0.5218,-0.3284,-2.5674,-1.8997,0.2340,-1.2934,-1.3175,2.1356,2.3826,2.2102,0.8944,1.3413,2.6869,0.8031,0.8274,13.5720,1.0000
39.6064,1.0000,34.2770,8.2060,1.0000,7.0252,0.8201,-2.2058,-2.0110,-1.1667,-0.3655,-2.5112,-0.8121,-1.0329,-1.5853,-2.1903,1.6092,2.8854,1.6804,0.7730,1.5842,2.1077,1.9661,1.1896,6.5358,1.0000
35.7635,0.0000,33.9803,4.9850,1.0000,9.0186,0.3488,-2.2515,-2.2514,-2.6469,0.4741,-1.3924,-0.7191,-1.2198,-1.2860,-1.6697,2.0468,2.1627,1.2989,0.3202,1.4358,2.3630,1.3237,1.3206,3.6923,0.0000
61.1026,0.0000,30.7377,4.9341,0.0000,0.0000,0.1169,-3.1731,-0.8669,-1.7768,0.6854,-3.2342,-1.0368,0.3576,-0.9885,-2.6847,2.7584,3.2194,2.4945,1.8990,3.3351,3.0505,2.4635,1.1663,10.8526,1.0000
50.8902,0.0000,37.4794,5.3133,0.0000,0.0000,-0.5342,-2.1159,-2.6741,-2.0986,-1.7044,-1.7936,-0.9409,-1.3639,-2.2259,-1.9813,3.3534,3.8940,2.2120,1.4173,2.1593,3.7090,2.3424,0.9381,11.5793,1.0000
53.2816,1.0000,37.4261,5.8112,0.0000,0.0000,0.1073,-3.5307,-3.5926,-2.8373,-2.2730,-3.7359,-1.8509,-2.2585,-1.8882,-4.0944,3.6005,3.1920,2.8088,1.7171,2.6387,2.4836,2.5227,1.9415,11.1950,1.0000
28.8096,0.0000,37.1710,5.3103,0.0000,0.0000,0.4521,-1.1422,-1.8608,-1.1882,-1.3065,-1.2238,-1.4665,-0.1618,-0.9875,-1.9996,0.9375,1.7886,1.2155,0.4093,0.8581,1.3965,0.7259,0.5925,7.9117,1.0000
58.2018,1.0000,41.4163,5.2571,0.0000,0.0000,0.9368,-2.7512,-1.1097,-2.0749,0.1138,-2.5193,-1.0448,-1.2715,-1.0552,-3.3103,2.1199,1.6717,1.7448,0.7677,1.2587,1.1790,2.2501,0.3462,7.6589,1.0000
52.9986,1.0000,41.0221,4.8625,0.0000,0.0000,0.5980,-2.4976,-2.3130,-1.8416,-0.5157,-2.9211,-1.6379,-1.9439,0.1587,-2.0690,2.3380,2.0707,1.6833,1.6347,2.0189,3.1558,2.6303,1.6807,15.3992,1.0000
35.7853,1.0000,32.8127,7.3643,1.0000,3.2569,0.6185,-1.6452,-3.1283,-3.6023,-1.1787,-3.7924,-2.1238,-1.5402,-1.1429,-3.9757,1.2313,1.8979,1.4041,1.3250,1.1548,2.3035,2.1006,1.5708,9.5141,1.0000
42.8132,0.0000,36.1787,5.7890,0.0000,0.0000,0.7197,-2.4773,-1.6338,-2.0017,0.4689,-2.3271,-0.0498,-1.3653,-0.4793,-2.4760,2.2198,2.9231,1.1995,0.2690,0.3939,2.5624,2.3557,1.5022,4.8178,0.0000
50.9009,1.0000,31.6938,7.0990,1.0000,8.9693,0.1378,-2.2179,-2.1855,-3.6989,-3.0729,-2.2686,-1.1928,-0.3560,-1.6218,-3.9823,1.8936,2.0275,1.6851,1.6765,2.5254,2.9975,2.6179,2.1295,13.3626,1.0000
48.5771,1.0000,34.6051,5.8387,0.0000,0.0000,0.0643,-2.7089,-2.8441,-0.8977,0.8969,-2.0078,-1.3035,-1.8780,-0.1395,-2.5384,2.1465,2.2236,1.8092,0.5592,1.4822,1.7992,2.5898,1.4094,7.5009,1.0000
44.7861,0.0000,31.8011,6.4005,1.0000,7.4656,0.1687,-2.3204,-2.4114,-1.7707,-1.6637,-1.9533,-1.6798,-0.5279,-1.4725,-2.9407,3.1577,1.9471,3.0893,0.7019,1.3575,2.3598,3.0755,1.6154,8.4890,1.0000
46.8616,1.0000,41.7903,5.4145,0.0000,0.0000,-0.5699,-2.3701,-2.8257,-2.4669,-0.9804,-2.7974,-3.0387,-1.8594,-1.2800,-3.5237,2.1537,2.0056,1.0918,1.4378,1.9651,3.0989,2.5101,0.0387,19.5421,1.0000
45.2282,1.0000,36.1366,5.4427,0.0000,0.0000,0.2202,-2.5412,-2.1225,-2.5800,-0.8001,-1.9921,-2.3109,-1.6272,-2.4335,-2.4498,1.5533,2.4569,1.5795,0.6439,0.9214,2.6661,2.2819,1.3290,13.3046,1.0000
49.6782,0.0000,33.5189,7.7396,1.0000,11.2361,0.3261,-3.2630,-2.1243,-2.8298,-1.6441,-3.9361,-2.7869,-0.9152,-2.3414,-3.0766,1.9198,2.4449,1.1706,0.8523,0.2296,1.3275,1.6465,1.9542,2.0480,0.0000
64.1864,1.0000,39.8713,4.5000,1.0000,8.0360,-0.2690,-2.2650,-2.8292,-2.0117,-0.7979,-1.1222,-1.0931,-1.5795,-0.8533,-1.3331,1.2196,1.3840,1.4867,1.5070,1.4653,2.5294,1.8585,0.7550,12.1917,1.0000
20.0000,1.0000,27.0000,5.6946,0.0000,0.0000,-0.9037,-3.6877,-2.7914,-2.7507,-1.5379,-4.1400,-1.3928,-2.9136,-2.2794,-2.9514,2.3493,2.1577,2.2980,0.3758,2.1007,2.5399,2.2166,0.5031,-0.4367,0.0000
45.3946,0.0000,27.0000,5.3377,0.0000,0.0000,0.3759,-3.3424,-3.1749,-2.3626,-1.5558,-2.8629,-2.9462,-1.2417,-1.7605,-3.2036,1.7121,2.9240,1.8433,1.2718,1.3104,2.4719,1.6056,1.2537,8.4665,1.0000
49.9416,0.0000,38.0813,6.9988,1.0000,6.6099,1.5529,-2.5246,-2.2069,-1.9777,-0.5903,-2.4383,-1.9524,-2.5243,-1.7671,-2.6799,2.5224,2.7653,1.6632,1.0578,2.0730,2.5378,2.2871,2.3478,9.1115,1.0000
51.2559,1.0000,34.7721,5.4174,1.0000,5.1877,0.5090,-1.6629,-0.3135,-0.6996,1.0192,-1.1755,0.5334,1.0541,0.4663,-1.1421,1.7294,2.8659,1.3330,1.3427,2.0253,2.2677,1.6862,0.2495,12.9094,1.0000
43.9089,0.0000,35.6270,6.0266,0.0000,0.0000,0.2358,-2.6884,-2.3100,-1.4758,-1.1434,-2.7460,-3.2436,-0.3405,-1.6432,-2.7006,1.9309,2.6417,1.3672,1.0587,0.8719,2.1864,1.5201,0.9825,3.1452,0.0000
28.6761,1.0000,28.5312,5.2686,0.0000,0.0000,1.5662,-1.9668,-0.4881,-1.9977,1.6047,-0.9739,-0.4856,0.6569,-1.1054,-2.0817,1.9994,1.7251,1.3455,0.3356,0.6644,2.5667,1.7200,-0.2048,4.4079,0.0000
51.6080,1.0000,34.3954,5.6754,0.0000,0.0000,1.5554,-3.5948,-1.5527,-1.2979,0.9638,-3.2030,-0.1469,-1.2054,-1.2659,-3.3149,1.9260,2.8534,1.5929,1.8745,1.4121,2.8296,2.9247,1.6933,11.5985,1.0000
67.0009,1.0000,43.5158,7.9047,1.0000,15.2509,-0.4703,-2.6022,-3.0313,-1.6676,-1.3651,-3.7074,-2.3379,-1.4882,-1.9818,-3.2883,1.4753,1.6518,2.1387,0.4457,1.8769,2.0449,2.1011,0.3583,11.1237,1.0000
31.1275,1.0000,38.2089,5.6347,0.0000,0.0000,0.9570,-1.5939,-1.8192,-2.1806,-0.3141,-1.9346,-2.2184,-1.6371,-1.6794,-2.8775,1.9350,1.8727,1.8354,0.9908,1.7854,2.1427,1.6947,1.1906,15.4810,1.0000
57.5021,0.0000,35.2637,5.5331,0.0000,0.0000,-0.2088,-2.2832,-3.2375,-3.2338,-1.3389,-3.1612,-3.0515,-2.2807,-2.2812,-3.7998,1.6822,2.8459,1.8620,0.9414,1.9120,2.4763,1.4889,0.6913,8.0438,1.0000
44.3862,0.0000,32.5243,8.3672,1.0000,6.0249,0.5215,-3.0533,-1.0164,-1.3200,-0.9700,-2.3236,-1.2957,-0.2445,-1.4936,-2.1074,2.9346,2.8000,1.3809,1.4510,1.6204,2.2230,1.8349,1.8260,10.3072,1.0000
47.3254,1.0000,32.7244,5.4802,0.0000,0.0000,0.4335,-1.4705,-0.7642,-1.1666,-0.2653,-1.6592,-1.0881,0.4649,-0.6093,-2.4310,1.1207,1.5677,1.4600,1.4217,1.6380,1.7789,2.7016,0.3681,17.0772,1.0000
36.4181,1.0000,27.0000,5.2982,0.0000,0.0000,0.0323,-3.6377,-1.9615,-2.6622,-0.2142,-3.6615,-1.7953,-0.7900,-3.0501,-1.8670,2.4592,2.8319,1.6760,1.5956,1.6427,3.0094,1.5984,1.5661,11.8753,1.0000
44.3210,1.0000,35.6594,5.3427,0.0000,0.0000,0.0598,-2.6133,-1.6781,-1.2922,-0.3276,-1.7022,-0.9477,0.2351,-0.5879,-1.0847,2.0527,3.0333,2.0586,1.9184,2.2498,2.7691,3.0140,2.0603,9.9581,1.0000
62.3005,0.0000,38.3047,6.0179,0.0000,0.0000,1.1209,-3.7009,-0.2087,-1.9162,0.6648,-2.1082,-0.3977,-1.2108,-0.4663,-2.5215,2.5831,1.3527,1.2353,1.5492,0.9328,2.7103,2.4780,0.8130,4.2807,0.0000
54.4092,1.0000,27.4097,5.4620,0.0000,0.0000,1.6632,-1.8291,-0.7952,-2.6659,-0.2546,-1.8201,-0.9144,-0.0962,-1.0316,-2.2738,1.1029,1.7083,2.5268,0.4316,0.9932,1.6347,2.4674,0.8177,10.2254,1.0000
67.0554,1.0000,31.5236,5.2250,0.0000,0.0000,1.3450,-3.9769,-1.6854,-2.0606,-1.3012,-2.4250,-0.7873,-0.5259,-1.3526,-2.1793,1.9245,3.1271,2.3772,0.8674,1.2356,3.1369,2.4441,0.6757,11.8918,1.0000
60.9515,1.0000,29.2914,7.1307,1.0000,11.6538,1.0945,-2.4224,-2.2756,-2.1271,0.0307,-2.3978,-2.0889,-2.2997,-0.8066,-3.1863,1.2301,1.4583,0.7435,-0.5997,0.3049,1.1161,1.0848,1.1186,7.2398,1.0000
52.8300,1.0000,30.1559,8.8814,1.0000,8.4230,0.6643,-1.5785,-2.6140,-1.6936,-0.5863,-2.1223,-0.5026,-1.8599,-0.7614,-1.9163,2.1399,2.3438,2.1780,1.0473,1.9493,2.7183,2.4575,2.7633,10.3754,1.0000
67.1833,0.0000,34.7407,5.7365,0.0000,0.0000,0.2509,-2.7552,-1.7760,-1.5723,-0.1684,-2.0281,-2.0387,-0.4684,-0.3840,-2.4756,2.8467,2.1238,2.2438,0.8853,2.0436,1.9663,1.8132,1.4657,7.7632,1.0000
52.8289,0.0000,27.0000,10.4298,1.0000,5.2073,-0.7953,-3.1044,-2.3000,-3.0224,-1.4014,-4.0598,-1.7947,-1.7507,-3.0662,-3.3179,2.8986,3.0158,2.7685,1.8105,2.3405,2.8153,3.2355,2.3841,1.9326,0.0000
57.1079,1.0000,37.2642,5.4099,0.0000,0.0000,0.3548,-2.2288,-2.1989,-2.3415,-1.2087,-3.0208,-1.6836,-1.2944,-1.6139,-3.2820,2.2621,2.4206,2.8051,1.3424,1.9892,2.9986,2.5407,1.1803,17.0661,1.0000
44.7377,0.0000,37.8923,7.0419,1.0000,3.9584,0.1189,-0.8191,-2.1690,-1.9212,1.9052,-1.6676,-1.8663,-0.1546,-1.3858,-1.7138,2.5268,2.5694,3.0555,1.9055,1.8732,3.2917,2.9286,2.4376,11.7362,1.0000
48.7320,0.0000,33.3700,5.2748,0.0000,0.0000,0.2312,-2.9887,-0.9798,-1.3036,0.2428,-1.9369,-1.5034,-0.5174,-0.1726,-2.3250,1.9853,2.4779,1.8516,1.1222,1.2504,2.7163,2.4740,1.9230,17.9448,1.0000
40.3283,1.0000,27.0000,7.0608,1.0000,8.6719,1.8413,-1.4582,-1.1769,-0.9206,0.2275,-2.6182,-0.9260,-0.4207,-0.9376,-1.9543,2.2940,2.2711,2.3488,0.8172,2.2993,3.1760,3.1296,1.7658,8.7231,1.0000
58.8854,1.0000,30.0161,5.8394,0.0000,0.0000,0.4170,-2.0142,-1.3638,-1.4265,-1.2788,-1.1275,-1.3036,-0.9725,-1.2549,-2.8736,2.0081,2.4433,2.1007,0.8571,2.3661,2.8858,1.9934,2.3080,20.1324,1.0000
35.0387,1.0000,40.0481,4.5611,1.0000,4.5122,1.6352,-1.1290,-0.9767,-1.1083,0.5869,-1.6312,-0.8059,-0.1603,-0.7656,-1.8245,2.3584,1.9217,1.4139,1.7187,2.6153,3.1391,3.1550,2.1768,18.4938,1.0000
56.6059,0.0000,27.0000,5.1563,0.0000,0.0000,0.5634,-2.0910,-2.2738,-1.2150,-1.0645,-2.8196,-1.8368,-1.9449,-0.7020,-3.4794,2.6341,2.8146,2.4699,1.8268,1.7426,3.2251,3.4301,1.6919,6.4483,1.0000
45.9028,1.0000,32.9361,8.0063,1.0000,9.5601,-0.1591,-1.8549,-2.3648,-1.9701,-1.3658,-2.0875,-1.0095,-0.7211,-0.9090,-2.6898,2.1121,2.6869,1.6573,0.4470,2.1805,2.2647,2.2689,0.9611,10.4598,1.0000
60.8837,1.0000,29.1900,5.5380,0.0000,0.0000,-0.0195,-3.3576,-1.3716,-1.3713,-1.1043,-2.5635,-1.7930,-2.0784,-1.3684,-3.2576,3.0661,3.2756,2.3136,1.0060,1.9268,3.1597,2.8064,1.7776,12.1007,1.0000
56.2596,1.0000,38.1206,9.7289,1.0000,2.8445,-0.3620,-3.9752,-3.6859,-2.8502,-1.4914,-3.9450,-1.9720,-2.1119,-1.7813,-3.7591,2.4270,2.9681,2.1480,1.5963,1.5085,4.0054,2.5600,1.7840,6.4072,1.0000
68.0271,0.0000,31.4620,4.8296,0.0000,0.0000,-0.2297,-2.7349,-3.1121,-1.8043,-1.5752,-2.2826,-2.0676,-0.8390,-2.3486,-3.6155,2.6399,2.4101,2.0755,1.2701,1.4101,2.8198,1.6141,2.1952,11.1374,1.0000
56.0385,1.0000,36.3178,9.0201,1.0000,10.2434,0.7047,-1.6162,-0.4597,-1.1883,1.2699,-1.9255,0.0014,-1.0071,-0.2466,-3.5833,2.7758,3.0418,1.3755,0.8801,2.5153,4.7937,3.3887,2.3767,12.4141,1.0000
30.7076,0.0000,37.0446,7.8876,1.0000,4.9284,-0.4973,-2.5643,-3.1733,-1.9165,-0.3347,-3.1212,-2.4827,-1.9167,-2.3805,-3.3552,2.6150,2.1599,2.5173,0.7436,1.1949,1.8766,2.7104,1.2562,8.2453,1.0000
47.2635,1.0000,42.7630,8.5090,1.0000,2.1309,0.4817,-2.8007,-0.8190,-2.0909,0.5027,-2.9456,-1.2684,-0.2076,-0.2651,-2.7437,2.3605,2.5157,1.4285,0.7453,1.3138,1.6775,1.8361,0.5249,9.4620,1.0000
35.1079,0.0000,33.5868,5.3725,0.0000,0.0000,0.8441,-2.1289,-2.1535,-1.2069,0.9311,-1.7535,-0.6499,-0.2366,-1.7365,-2.0284,2.6466,3.0021,1.5608,1.1386,2.8011,2.3179,2.7534,1.6190,6.6271,1.0000
42.2989,1.0000,36.1922,5.3528,0.0000,0.0000,-0.4134,-3.3268,-0.8345,-2.0565,-1.2243,-1.8873,-2.2308,-1.6595,-0.6405,-2.8793,2.9557,2.9248,2.0814,1.4925,2.1056,2.8250,2.0120,2.1987,13.0246,1.0000
64.6235,1.0000,27.8173,5.3132,0.0000,0.0000,-0.8493,-2.6296,-2.6185,-1.1000,-1.2275,-2.0403,-0.4578,-1.8155,-1.5260,-2.6453,2.9399,2.1817,1.9334,1.1410,1.2513,1.6138,1.8897,1.0073,11.7563,1.0000
55.0129,0.0000,39.8569,5.5025,0.0000,0.0000,-0.2859,-2.6375,-2.3503,-2.1946,-0.8165,-2.6965,-1.6272,-1.8342,-1.9439,-3.1827,1.4353,2.2514,2.2947,1.4508,1.6328,1.5681,2.5185,1.2780,6.9100,1.0000
40.3118,0.0000,31.0777,8.0030,1.0000,1.8172,0.3642,-2.9414,-1.8633,-3.1349,-1.3787,-3.0366,-2.4542,-0.5256,-1.6089,-3.0013,2.5546,3.6665,1.9714,0.0323,1.3086,2.8016,2.4047,0.7956,2.2896,0.0000
36.8491,1.0000,31.9766,7.2829,1.0000,4.1499,0.0134,-2.7471,-3.0179,-2.2397,-1.5939,-3.1269,-3.7128,-2.6252,-1.0446,-2.8845,1.4482,1.9643,0.9469,0.9251,1.0984,1.7612,1.4574,0.9177,6.0688,1.0000
48.3606,1.0000,34.3999,8.0455,1.0000,5.5038,1.4552,-1.1907,-0.8740,-1.3815,-0.6394,-1.1294,-0.7761,1.1816,-0.6903,-0.6362,2.3256,2.6213,2.1369,1.2260,1.3343,2.2114,2.1321,2.3191,10.0865,1.0000
34.6178,0.0000,27.4670,5.7635,0.0000,0.0000,0.2746,-1.6427,-0.5563,-2.0560,-0.5937,-2.9177,-2.1376,-0.6365,-1.2775,-2.6213,1.4907,1.9459,1.6622,0.6661,1.9362,2.1231,1.9405,1.4432,9.3469,1.0000
40.6175,0.0000,35.5295,7.3026,1.0000,8.0435,0.8450,-3.8362,-1.2738,-2.0606,-0.2840,-2.0729,-0.5081,-1.1122,-2.5856,-2.7420,3.3864,3.7086,2.5837,1.8143,2.4587,3.3121,2.6293,2.4594,7.5033,1.0000
51.4321,1.0000,38.8536,8.0614,1.0000,6.5523,0.5606,-3.3189,-2.0380,-2.1785,-1.7035,-2.3395,-2.1301,-1.7642,-1.9288,-2.3118,2.4240,2.5249,1.3727,1.1257,0.7430,2.0620,1.8350,1.2219,13.5375,1.0000
60.7084,1.0000,35.8182,8.9836,1.0000,14.3538,0.3673,-2.5522,-2.3150,-1.5339,0.3359,-1.9212,-0.8412,-0.5459,-1.9509,-3.1932,3.4279,3.2657,3.3043,2.2422,3.1393,4.3855,3.0199,1.9477,14.4862,1.0000
54.6964,0.0000,27.3500,5.7366,0.0000,0.0000,0.2360,-3.2014,-2.9689,-3.4831,-2.1231,-3.3976,-2.2906,-2.4880,-2.0497,-3.8906,2.7013,2.6585,2.2761,1.2580,1.6613,3.5253,2.0799,1.8973,8.3859,1.0000
22.7958,0.0000,33.9429,5.1391,0.0000,0.0000,1.2725,-2.4158,-1.2221,-1.2783,-1.1762,-2.3030,-2.0945,-1.1175,-1.6557,-2.4404,2.6145,1.7575,1.4399,0.6399,1.8038,2.1792,2.0956,0.4168,8.1201,1.0000
51.3480,0.0000,37.8391,4.9783,1.0000,6.4287,-0.6739,-2.9648,-1.9587,-1.4449,-1.3112,-2.7435,-1.6281,-0.3872,-2.4359,-3.6396,3.6955,3.0974,2.8324,1.5501,2.0476,4.0815,2.1056,2.0793,5.0796,1.0000
48.7924,1.0000,27.0000,5.4593,0.0000,0.0000,2.6436,-2.0194,-2.6365,-1.7622,-2.1524,-2.2355,-0.8261,-1.6384,-1.4996,-2.0878,1.5731,1.9865,1.3093,0.2643,1.2967,0.7995,1.5545,0.6479,10.0216,1.0000
52.5528,1.0000,29.6636,6.1448,0.0000,0.0000,-1.0002,-4.0804,-2.9119,-3.1137,-1.6769,-4.2742,-2.3660,-2.2977,-1.9347,-3.6372,1.4844,3.0059,1.5983,0.9199,1.3205,2.3330,2.8155,2.4595,5.1283,1.0000
65.7783,0.0000,38.4444,9.2169,1.0000,5.7930,0.5654,-3.6260,-1.8666,-2.1841,-0.9060,-1.9830,-2.1072,-0.4508,-0.3992,-2.2795,2.7474,3.2773,3.2544,1.8788,3.1675,3.6918,3.2202,2.3295,9.8493,1.0000
25.3044,0.0000,35.7154,7.7864,1.0000,7.2451,-0.3845,-4.5130,-1.9185,-2.2597,-1.6452,-2.2907,-2.5878,-2.0531,-1.5384,-4.1116,1.2071,2.2235,0.7952,-0.2071,1.1736,1.3349,1.6135,0.6846,-2.1567,0.0000
41.4979,0.0000,36.3539,8.6996,1.0000,1.1840,0.3124,-1.8145,-1.6663,-0.7041,0.5544,-2.0160,-2.6209,-1.6537,-0.5610,-3.5750,2.4098,2.0467,2.3755,1.1613,2.0216,2.0358,2.2652,1.8822,10.2539,1.0000
54.5000,1.0000,42.8677,6.6077,1.0000,14.7240,0.1386,-2.4378,-0.9621,-2.0140,-0.9253,-2.4780,-1.2061,-1.2242,-0.5196,-3.2031,2.8821,2.2944,1.8201,0.7357,1.4197,1.8018,2.1388,1.5102,14.2515,1.0000
30.6025,1.0000,36.6085,5.8432,0.0000,0.0000,0.4961,-2.2327,-2.1695,-1.1448,-0.3340,-1.7782,-1.1206,-0.6824,-1.4406,-2.9771,1.8290,2.2618,1.6812,1.5137,1.3611,2.1354,1.7657,0.5761,16.1641,1.0000
64.2354,0.0000,37.4605,5.8397,0.0000,0.0000,1.3795,-1.7809,-2.2741,-1.3580,-1.9209,-2.8021,-0.7982,-1.1671,-1.1108,-4.7164,2.6175,2.5527,2.1347,1.9671,2.7043,2.1130,2.9458,1.7738,18.4026,1.0000
52.0519,1.0000,46.6984,5.1515,0.0000,0.0000,0.0862,-2.4563,-1.7073,-1.0932,-0.6051,-2.4942,-2.3066,-1.3365,-2.1654,-4.1356,2.0230,2.5694,1.0309,1.6900,1.9353,2.0833,1.9680,0.3867,20.2455,1.0000
57.3124,0.0000,33.5379,7.0593,1.0000,3.9991,-0.4681,-1.7732,-2.2066,-1.6953,-0.9828,-3.8129,-1.0930,-2.8397,-1.9872,-3.1830,2.1116,2.1592,1.1505,1.2927,2.2113,2.4518,2.1124,1.4595,3.3504,0.0000
41.7196,1.0000,30.9095,5.4624,0.0000,0.0000,0.5844,-3.0799,-3.4069,-2.7179,-1.5699,-3.5573,-1.4272,-2.5423,-1.6965,-3.2748,2.2882,1.9002,1.4813,0.7965,1.6465,2.3451,2.2451,0.4041,3.6562,0.0000
56.9514,0.0000,36.4251,10.6442,1.0000,6.8549,1.1684,-2.4308,-1.1843,-1.5610,0.0433,-3.1533,-3.0544,-0.8948,-0.9338,-2.3783,2.6991,2.6615,3.5054,1.4600,2.3863,4.4605,3.1324,2.0145,4.4199,0.0000
59.7532,0.0000,36.4755,5.5807,0.0000,0.0000,-0.0199,-1.6306,-2.1904,-1.4280,-0.0602,-1.1280,-1.3807,-1.3326,-2.0473,-1.5803,1.7078,3.1035,1.3924,1.2870,1.4682,2.3761,1.5535,1.8350,13.2433,1.0000
50.5617,1.0000,32.1298,8.7544,1.0000,5.0586,0.7371,-2.1425,0.4618,-0.8993,-0.7991,-2.0580,-1.6075,-0.9847,-1.1152,-2.7635,2.1333,1.7651,2.4026,0.8301,1.8111,2.8881,2.5586,0.2723,10.6028,1.0000
50.5784,1.0000,29.8542,5.5264,0.0000,0.0000,-0.7146,-1.7967,-1.8644,-1.9959,-0.1347,-2.1611,-1.2562,-0.6575,-1.0857,-2.2162,2.7172,2.6116,1.9777,1.2565,1.0889,2.6731,1.7149,1.1701,10.4273,1.0000
50.9738,1.0000,44.8943,5.4412,0.0000,0.0000,1.0025,-2.2672,-1.9170,-0.5064,-0.5388,-1.8838,-0.8361,-1.2023,-1.4764,-2.7185,2.3938,3.1281,1.7743,2.0561,2.5243,2.7051,2.1423,0.9170,16.5788,1.0000
38.5032,1.0000,35.9708,5.8836,0.0000,0.0000,0.0062,-3.8305,-2.8927,-2.1296,-0.2025,-2.4744,-3.5886,-1.2731,-2.1430,-2.9946,2.4631,2.1598,2.5814,0.9407,1.3713,2.6730,2.0325,1.3362,10.1089,1.0000
46.3772,1.0000,31.2047,5.7031,0.0000,0.0000,0.3887,-2.7484,-2.1154,-1.8725,0.2789,-2.4361,-0.6809,-0.4008,-0.6239,-3.7381,2.8916,2.8011,2.3188,1.5746,1.2330,2.9524,2.6620,2.0309,5.8979,1.0000
46.3223,1.0000,38.6217,7.3926,1.0000,2.9194,1.2933,-2.6305,-1.2583,-2.1585,-1.2143,-1.0433,-1.8895,-0.2284,-0.9489,-2.8049,2.6635,2.5343,2.6577,1.2842,2.1321,2.6711,2.8342,1.4476,8.7571,1.0000
52.2173,0.0000,34.0088,5.2674,0.0000,0.0000,0.3641,-3.5876,-2.2753,-2.8343,-1.2743,-2.2997,-1.6832,-2.5461,-1.1635,-3.1916,3.2885,4.0048,3.1729,2.8067,1.9810,2.7295,2.9854,2.1460,10.8644,1.0000
58.9981,1.0000,33.3620,5.1342,0.0000,0.0000,-0.0337,-2.1923,-2.1278,-2.6573,0.5169,-2.4965,-1.5418,-1.4680,-0.5216,-3.1005,2.1811,1.5494,2.3013,2.1361,2.4777,3.2720,2.7142,1.2013,18.6097,1.0000
36.3561,1.0000,37.0302,7.4060,1.0000,7.5302,-0.8360,-3.5412,-1.6042,-1.5774,-1.0441,-1.8440,-1.1592,-1.4950,-1.5443,-2.7204,2.3435,3.6753,2.1627,1.2732,2.6240,3.5365,2.4092,1.6509,11.7633,1.0000
46.6249,1.0000,28.6865,6.8391,1.0000,4.4752,-0.2655,-2.8296,-2.0088,-3.1809,-1.1222,-3.1186,-1.2320,-2.8115,-2.0421,-3.6323,1.9989,2.4179,2.4721,0.8066,2.2952,2.6801,3.5870,1.7282,6.9232,1.0000
64.2960,1.0000,36.0868,5.7752,0.0000,0.0000,1.1681,-2.3638,-0.4397,-0.8030,-0.2782,-1.7682,-1.1551,-0.0552,-1.5824,-2.8189,2.2418,2.7928,1.8894,0.3051,1.5383,2.3132,1.4362,1.0955,5.4251,1.0000
39.8205,1.0000,43.1083,5.8416,0.0000,0.0000,0.7646,-1.5538,-3.2280,-0.7889,-0.4940,-3.6111,-3.5315,-2.4487,-1.6270,-3.1593,1.0597,1.8127,1.5776,0.7276,1.0792,2.0122,1.4613,0.8089,15.2253,1.0000
38.9552,1.0000,36.5978,5.4457,0.0000,0.0000,0.9066,-2.8345,-2.7314,-2.1872,-0.7211,-2.4818,-2.1612,-0.7685,-1.8402,-3.5446,2.3349,2.0189,2.0136,1.2382,1.6443,3.7240,2.4069,1.3311,8.2929,1.0000
50.2254,0.0000,32.8070,8.2838,1.0000,6.9225,-0.0339,-1.9464,-2.0392,-2.2547,-0.0005,-0.9732,-1.1207,-0.1085,-0.2616,-2.8065,2.0466,1.8647,2.1075,0.6738,1.2753,2.0494,1.5950,0.1646,3.4245,0.0000
57.2882,1.0000,32.2180,5.9790,0.0000,0.0000,0.4213,-3.5537,-2.3901,-2.5158,-1.2291,-3.4067,-2.1515,-1.3149,-1.8212,-4.5044,2.0222,2.8691,2.1299,2.0510,2.3744,3.1149,3.6197,1.7501,6.3600,1.0000
48.1257,0.0000,32.6535,5.5852,0.0000,0.0000,-0.1969,-3.9476,-2.3275,-1.9113,-0.8278,-3.4244,-1.7809,-1.9508,-2.5338,-2.8342,2.3378,2.5088,2.8269,1.3954,1.6668,3.0374,2.1792,1.7977,4.8142,0.0000
62.6186,1.0000,33.3572,5.2123,0.0000,0.0000,1.0544,-1.6599,-2.0269,-0.6419,-0.4791,-1.6337,-1.3773,-0.9193,-2.5213,-2.7369,2.5483,2.4952,2.3677,0.5714,1.8792,2.3785,3.7949,1.6219,9.8605,1.0000
57.4247,1.0000,32.7999,5.1949,1.0000,11.2668,0.4729,-2.8818,-0.7831,-2.4158,-0.9263,-3.1151,-1.9560,-0.6117,-0.3418,-3.2225,1.9422,1.5989,2.3282,0.8133,1.1607,2.4669,2.4428,1.4707,9.2113,1.0000
57.2600,0.0000,38.6234,5.4786,0.0000,0.0000,-0.1784,-3.6696,-1.4818,-1.2386,-0.7710,-3.5717,-2.6253,-1.4154,-1.2479,-4.4782,2.3119,2.5923,2.1520,1.4298,2.1030,3.2678,2.6221,1.1962,6.3549,1.0000
54.0953,0.0000,27.0000,7.9564,1.0000,6.1814,0.1430,-1.4772,-1.9330,-0.5529,0.2251,-2.8104,-1.3575,-0.9672,-1.6333,-3.2017,2.2134,2.8799,1.1423,0.1596,1.9722,3.1385,1.6548,1.2565,5.3115,1.0000
73.6042,1.0000,38.3790,5.3811,0.0000,0.0000,1.6054,-2.9105,-0.9874,-1.7164,-0.2780,-1.7748,-1.5232,-0.4732,-2.3056,-2.2516,2.0603,2.2607,2.0241,0.4346,1.0187,2.1417,2.0001,0.5103,9.7941,1.0000
45.7432,1.0000,32.7914,9.3285,1.0000,4.2005,-1.5748,-3.4612,-2.1170,-1.9672,-2.0388,-3.9724,-2.7392,-1.8942,-3.4835,-3.7436,2.7738,2.4599,1.9016,1.4197,1.8358,3.1090,2.0848,0.8057,16.5026,1.0000
25.9613,1.0000,36.1963,4.9860,0.0000,0.0000,0.6491,-2.7249,-1.5876,-1.5311,-0.8405,-3.7543,-1.4964,-1.9259,-1.8347,-2.6563,2.1141,2.4588,1.2813,0.2768,1.5523,1.8960,1.3052,1.4137,4.9100,0.0000
65.6468,1.0000,29.4286,5.7215,0.0000,0.0000,1.5339,-2.2317,-1.2095,-2.3511,-0.1313,-2.2190,-0.3412,-1.1556,-1.0888,-1.7266,1.9209,2.9807,2.0440,1.3838,1.7530,1.3179,1.7043,1.1388,12.8122,1.0000
42.9653,1.0000,40.4788,5.2258,0.0000,0.0000,0.3264,-3.4567,-0.3944,-2.4249,-0.6366,-2.2586,-1.2843,-1.2759,-1.3850,-2.9298,2.5188,1.6034,1.7781,0.4234,1.6138,2.3038,2.4800,1.6796,12.1380,1.0000
49.1867,1.0000,40.1054,8.1284,1.0000,3.2219,-0.4927,-1.3011,-2.0539,-1.3047,-0.6888,-2.6343,-1.7324,-2.2103,-1.4714,-3.1471,2.5754,3.0833,2.0607,2.8549,1.6522,2.7098,3.1841,2.1605,13.6052,1.0000
62.4051,1.0000,38.8182,10.3851,1.0000,7.6744,1.3372,-3.1688,-2.3222,-2.4268,0.3076,-3.0526,-1.1436,-0.5251,-1.3172,-3.6554,2.5924,2.9883,1.1251,1.9957,1.8245,3.3337,1.5885,1.6023,7.8691,1.0000
30.3751,1.0000,27.6836,5.0599,0.0000,0.0000,-0.6913,-2.3377,-3.1273,-1.9251,-0.8756,-2.5833,-1.4876,-2.1094,-2.2989,-2.7175,1.9619,2.6794,2.1217,1.3799,1.2910,2.5152,2.2507,1.5727,13.6254,1.0000
34.2319,0.0000,38.2310,5.6785,0.0000,0.0000,-0.1035,-4.8372,-2.2410,-3.1478,-1.0132,-2.2300,-2.0578,-1.0904,-1.6951,-2.2197,2.8936,2.8202,1.5885,1.3669,3.2409,3.7464,1.3625,1.6922,8.1852,1.0000
30.3859,0.0000,36.3218,7.1734,1.0000,10.8020,-0.4497,-2.9035,-1.8118,-2.1335,-0.0176,-2.9027,-0.2253,0.2616,-0.9450,-2.2459,2.8593,2.6234,1.9526,1.2040,2.1952,2.1858,3.0708,1.5244,13.0106,1.0000
39.2645,1.0000,27.2763,5.5226,0.0000,0.0000,1.3533,-3.1560,-2.8466,-1.0026,-0.3494,-2.5691,-1.4250,-2.7552,-1.5254,-3.4159,1.7390,2.8939,1.1380,0.6860,1.2306,3.3453,1.8788,0.1190,-1.8603,0.0000
52.8360,1.0000,34.3907,5.7003,0.0000,0.0000,1.1345,-1.5973,-1.1322,-0.9836,-1.0608,-1.6605,-0.5853,0.1796,0.7521,-3.1905,1.9509,2.6109,2.3451,2.3935,2.7473,3.0396,2.3173,2.5044,16.5859,1.0000
53.7661,1.0000,36.1404,4.8548,0.0000,0.0000,0.0892,-3.2650,-2.1281,-2.0178,-0.9890,-2.0400,-2.4134,-2.1527,-2.3095,-3.4229,2.0789,2.0496,1.5883,0.3159,1.2074,2.0898,2.3522,0.8425,12.8857,1.0000
51.0390,1.0000,37.0023,7.3377,1.0000,4.8742,-0.5829,-2.9804,-2.4732,-2.7352,-0.4634,-2.9254,-1.1618,-1.6401,-1.6372,-3.5017,1.5395,1.3139,1.5543,0.7057,0.9951,1.7987,1.9932,1.5068,11.6703,1.0000
32.4596,0.0000,35.2977,7.4737,1.0000,6.7380,0.3944,-2.0682,-2.1613,-1.3577,-1.0294,-1.9209,-1.7753,-0.5436,-1.1230,-1.6353,1.8319,2.3617,2.3317,0.7402,1.6586,2.4463,1.6139,1.2692,11.0875,1.0000
22.5889,0.0000,35.8105,9.3522,1.0000,4.0104,-0.5233,-4.0294,-3.0559,-3.4824,-2.4342,-3.0808,-2.4582,-2.4820,-2.5507,-4.2154,2.3189,2.8128,1.4693,1.1609,2.4548,3.7013,3.2358,1.0986,7.5838,1.0000
48.5979,0.0000,41.1313,7.2098,1.0000,6.3856,1.7203,-2.6891,-2.6377,-1.1140,-0.5321,-0.8959,-1.4847,-0.2894,-0.1741,-2.6906,2.5706,2.3426,2.1820,0.8688,0.9277,2.2883,2.5949,1.4209,0.4566,0.0000
42.8105,0.0000,40.0172,4.7150,0.0000,0.0000,-0.1943,-2.2524,-1.6479,-2.7774,-1.5364,-4.5149,-1.5789,-1.8187,-1.8684,-4.4088,2.5418,2.7157,2.3439,1.6501,1.8888,2.8476,3.4742,1.7830,14.8770,1.0000
53.0532,0.0000,27.0000,5.0372,0.0000,0.0000,-0.4785,-3.2657,-2.8869,-2.2171,-0.6791,-1.3599,-1.7412,-0.6701,-2.0138,-4.1327,2.3255,2.5668,1.9115,0.9772,1.8656,2.3239,2.2708,0.9459,9.2557,1.0000
55.7215,0.0000,33.0715,5.3120,0.0000,0.0000,0.1182,-3.8960,-2.3984,-2.7597,-2.4651,-2.0016,-2.4157,-2.9034,-1.3942,-3.9373,2.3648,2.8472,2.0060,0.2610,2.0036,2.6112,1.8677,1.6813,2.8680,0.0000
49.5207,1.0000,33.7591,5.2090,0.0000,0.0000,1.2721,-2.8444,-2.2287,-1.4736,-0.0622,-1.7852,-1.3097,-0.5955,-0.5140,-2.3370,1.4609,2.7393,1.7984,-0.1439,1.5001,2.0210,1.7213,0.6019,15.7912,1.0000
56.3615,1.0000,27.0000,5.6387,0.0000,0.0000,0.2859,-3.7230,-1.8871,-2.0016,-1.1150,-1.8863,-2.6340,-0.3479,-1.4682,-2.7405,2.2237,2.2027,0.9148,1.5294,1.4712,2.0102,1.5686,1.4399,8.9484,1.0000
50.5213,1.0000,34.9238,5.6070,0.0000,0.0000,0.0840,-3.9599,-2.5356,-2.0182,-0.5429,-2.9827,-3.3649,-2.7819,-0.5503,-4.0478,1.5209,2.2621,1.4019,0.5711,0.8344,1.7965,1.8693,0.9811,-0.9250,0.0000
53.8307,1.0000,40.1194,5.8128,0.0000,0.0000,1.5416,-2.9004,-1.9140,-1.1663,-0.9059,-1.2177,-1.1252,-0.5576,-1.1205,-2.0121,1.8286,2.2615,2.2654,0.2469,1.5427,1.8707,1.5613,1.1491,13.0499,1.0000
40.2486,1.0000,29.6104,5.9138,1.0000,5.1043,1.6630,-2.2563,-0.3315,-1.5589,0.5336,-1.4842,-1.5107,-0.4160,-0.6418,-2.7214,1.9728,1.7000,2.3758,1.5058,0.7427,1.6327,2.3643,0.9652,8.8286,1.0000
46.0243,0.0000,36.0138,5.8993,0.0000,0.0000,0.6864,-2.3901,-1.9239,-1.7307,-0.5533,-2.6535,-1.3362,-1.5592,0.5329,-3.5498,3.2003,3.1991,2.6148,1.1670,2.4449,2.3979,3.3957,2.0333,13.2599,1.0000
50.1645,1.0000,30.3788,5.4993,0.0000,0.0000,-0.0678,-3.1427,-0.7851,-2.6929,-0.4203,-2.4027,-1.3239,-0.3854,-0.4183,-2.9694,1.8051,2.7445,3.1097,1.2792,2.2487,2.5978,2.6269,0.8491,15.4111,1.0000
57.0258,1.0000,31.4764,6.9245,1.0000,4.3283,0.5552,-3.9426,-2.2361,-2.6554,-1.1192,-4.0717,-1.7789,-2.8792,-1.8416,-4.2594,2.2997,2.5238,2.9548,0.4951,1.7078,3.2709,2.3940,1.4154,4.3887,0.0000
43.6688,1.0000,41.1483,5.8303,1.0000,13.5223,-0.2797,-1.9725,-1.5880,-0.9120,0.7015,-2.6618,-0.1697,-1.7774,-0.4764,-2.7674,1.8000,1.7872,0.6913,0.3164,0.6810,1.9629,1.3221,0.4304,13.5181,1.0000
53.7328,1.0000,32.0585,8.3354,1.0000,3.9225,-0.3442,-2.4000,-1.4572,-1.1520,-0.3397,-2.2766,-0.9954,-0.8087,-0.7280,-2.4232,2.0287,2.3650,1.6054,0.4765,1.5662,2.8624,2.2641,0.9084,12.0373,1.0000
45.0758,1.0000,36.5800,8.8354,1.0000,4.2005,1.0742,-3.5834,-2.1752,-2.8799,-0.6740,-1.6053,-1.9193,-1.2447,-0.9104,-4.2690,2.2261,1.3428,1.5748,0.6262,0.9229,1.7465,1.6689,1.3357,2.6999,0.0000
46.7070,0.0000,27.0000,7.5505,1.0000,1.8174,-0.0177,-2.4730,-4.1721,-2.9989,-0.4569,-2.3207,-1.6687,-0.9958,-1.4896,-2.7474,2.9552,2.2517,1.8433,1.0025,2.2186,2.7451,2.5281,1.7511,3.4436,0.0000
57.1247,1.0000,42.8804,5.2139,0.0000,0.0000,0.1475,-2.6016,-2.5236,-1.0652,0.4545,-1.3998,-1.5107,-1.6117,-0.2642,-2.1824,1.9422,3.1069,2.0702,0.8312,1.6750,3.1882,2.2448,1.8969,13.9887,1.0000
26.0763,0.0000,37.2119,5.6476,0.0000,0.0000,0.6629,-2.9828,-1.7230,-2.5363,-0.2564,-1.5824,-0.2963,-0.5050,-1.9737,-2.4914,1.9248,1.9289,2.0772,0.5578,1.9408,2.5647,1.7803,1.1266,8.4839,1.0000
33.7388,1.0000,33.6788,5.7741,1.0000,5.1720,2.1117,-2.6518,-1.6125,-0.3773,0.4231,-0.1324,-1.1287,-1.0569,0.2768,-2.7815,1.9707,2.5602,2.9180,1.1537,2.1793,2.7633,2.5646,1.4729,10.6416,1.0000
31.6960,1.0000,37.0900,5.2679,0.0000,0.0000,0.2426,-2.7043,-1.3180,-1.2784,-0.1202,-2.5705,-0.4960,1.8051,-0.2883,-2.1459,1.7855,2.4785,1.6947,0.5482,2.0409,2.4568,2.1011,1.8591,13.6593,1.0000
22.3302,1.0000,28.1558,5.2682,0.0000,0.0000,-0.6383,-3.4411,-2.6419,-2.6977,-1.1950,-1.8578,-1.0751,-1.6408,-2.4616,-2.3176,1.1984,2.7593,1.2955,0.9649,1.1789,1.7695,2.6189,1.9574,5.7991,1.0000
40.5391,0.0000,39.8214,5.0764,0.0000,0.0000,0.3608,-3.9076,-1.8335,-1.3166,-2.4120,-3.4352,-2.0140,-1.1471,-2.0453,-3.7892,2.1673,2.6314,2.0296,2.0954,0.9003,2.7920,2.0690,0.2289,3.7662,0.0000
56.2438,0.0000,33.0421,5.8426,0.0000,0.0000,0.9817,-2.7474,-1.4951,-2.3939,-1.4848,-2.0572,-1.3394,-0.5651,-1.5896,-3.2982,2.0837,3.4297,1.8581,1.7333,2.6065,2.8877,2.7528,0.8569,11.1732,1.0000
44.8663,1.0000,33.5817,5.5275,0.0000,0.0000,1.4886,-3.3603,-1.0091,-0.5931,0.4315,-2.4561,-1.6008,-0.9477,-1.7959,-3.1482,1.8703,2.8269,2.0026,1.3665,1.8793,3.7167,2.3553,2.3320,5.6886,1.0000
50.1757,0.0000,32.2875,5.1980,0.0000,0.0000,0.9158,-1.9329,-2.4530,-1.1708,-0.0509,-1.1793,-0.6993,-0.0248,-0.4490,-1.5817,2.3801,3.4637,1.6527,1.4496,1.7731,2.8111,3.1555,1.8080,6.4395,1.0000
59.9814,1.0000,31.8871,8.2476,1.0000,4.5710,-0.6297,-3.0516,-2.4123,-2.3625,-0.7096,-2.4362,-1.5498,-1.6085,-2.0983,-2.4066,3.0322,2.4243,1.7540,1.2995,1.8732,2.5969,2.0031,2.0105,3.7641,0.0000
62.6045,0.0000,37.6260,7.1093,1.0000,4.0654,0.6798,-3.2654,-2.2402,-3.1636,-0.9150,-2.9730,-2.2469,-0.5197,-2.3711,-2.6845,2.0823,3.1971,2.1437,1.6716,2.2808,2.4309,2.7692,2.5564,3.8831,0.0000
47.2395,1.0000,35.6516,5.0077,0.0000,0.0000,2.1494,-1.1804,-1.2012,-1.7863,-0.8708,-2.2430,-1.4655,-1.2377,-1.1187,-2.4871,2.4510,3.0560,2.5673,1.6409,2.2061,3.1996,3.1404,1.1429,16.6058,1.0000
62.8894,1.0000,37.4329,7.9093,1.0000,12.2249,0.7882,-3.3917,-2.5984,-2.1194,-0.9620,-1.4776,-1.4251,-2.3641,-1.1945,-2.5837,2.4484,2.4581,1.8241,1.8505,1.5352,1.9524,2.7495,0.7042,8.3467,1.0000
49.0134,0.0000,34.4604,5.3120,0.0000,0.0000,0.2999,-3.5444,-0.9983,-2.5666,-0.2771,-2.4328,-1.1419,-0.0455,-0.8089,-3.0306,1.1432,2.5368,1.7636,1.1415,1.3192,1.6172,1.4295,0.8134,8.2071,1.0000
38.7886,1.0000,36.8094,6.6475,1.0000,5.1278,1.2848,-2.7633,-1.6946,-2.5044,-1.2660,-2.5146,-1.2935,-2.3755,-1.0980,-3.4559,1.5366,2.3635,1.4992,0.9838,1.5844,2.5112,2.3909,1.0039,4.9573,0.0000
41.4616,1.0000,32.6152,5.7878,1.0000,4.3292,1.4238,-2.5054,-2.5233,-1.6238,-1.1078,-1.5855,-1.3497,-1.1532,-0.7599,-3.3010,2.4104,2.6739,0.8012,1.3290,1.7329,2.7504,1.6697,1.0763,5.5193,1.0000
31.7141,1.0000,44.5338,5.8999,0.0000,0.0000,-0.6313,-2.6549,-3.0775,-3.0246,-0.5946,-2.6308,-2.8058,-2.1654,-2.4986,-2.2459,1.6451,2.6475,1.1145,0.4133,1.6737,1.9310,1.5440,1.3948,11.6447,1.0000
38.2305,1.0000,27.4443,7.2100,1.0000,6.1393,1.1248,-2.6617,-1.4110,-2.5028,-0.9756,-2.4023,-1.1558,-1.1968,-1.0693,-2.6690,2.8686,3.1245,2.7882,1.5213,2.1153,2.6792,2.8426,1.5100,9.8305,1.0000
44.0618,0.0000,40.1742,4.9906,1.0000,2.7565,0.2691,-2.8677,-2.4119,-1.8026,-0.4521,-2.4601,-2.3867,-2.0504,-1.2696,-2.0228,2.0402,2.7260,2.6146,1.5337,2.8728,2.5535,1.7494,1.9029,14.7744,1.0000
56.8394,0.0000,40.6556,7.0107,1.0000,4.7734,0.5219,-2.8658,-1.8749,-2.6091,0.1721,-2.3793,-1.9502,-1.3570,-1.7118,-2.0038,1.8369,2.1643,0.8391,0.3025,0.5215,1.7469,1.5396,0.7561,6.4960,1.0000
66.9285,0.0000,30.6653,6.6089,1.0000,11.5056,0.2382,-2.5402,-1.6112,-2.2656,-0.4953,-2.3213,-2.5509,-1.1349,-1.4204,-2.8047,3.0438,3.1698,1.5490,1.7263,2.1272,2.8306,2.6617,1.7721,5.8408,1.0000
32.7960,1.0000,44.5317,9.3332,1.0000,7.4532,0.4285,-2.3958,-0.9717,-2.3758,-0.7218,-1.9576,-1.0299,-0.7095,0.7735,-2.0047,1.8849,2.2337,2.4292,0.7823,1.1578,2.3673,1.6347,0.2818,6.4968,1.0000
52.3211,1.0000,38.9797,5.4996,0.0000,0.0000,1.3048,-2.5135,-2.4616,-1.9136,-0.0321,-2.0756,-1.0446,-1.1354,-1.3574,-2.7489,2.0933,3.2139,2.1246,1.4322,0.8808,2.8102,2.4669,1.0994,8.5416,1.0000
36.5540,1.0000,38.8701,6.0145,1.0000,1.9720,0.9796,-1.7671,-2.3621,-1.0438,-0.7457,-1.9340,-1.3480,0.1340,-1.2063,-2.3290,2.4080,2.6368,1.5116,1.3164,2.3817,2.5561,2.0255,1.3170,13.0588,1.0000
53.2217,1.0000,34.6261,8.8210,1.0000,6.3598,0.8853,-3.0851,-2.0527,-1.9996,-1.0016,-2.8989,-0.8725,-1.6553,-1.0059,-2.6420,2.8128,2.0307,2.3173,0.9318,1.9391,2.3539,2.1176,2.1134,7.1205,1.0000
46.5580,1.0000,33.5225,9.0924,1.0000,5.6192,-0.7176,-2.6021,-3.3134,-1.8561,-1.3789,-2.9708,-2.8622,-1.6926,-1.2400,-3.8536,1.4545,2.4287,2.6505,1.4931,1.1323,1.8616,1.8442,1.2499,7.4718,1.0000
27.8600,0.0000,33.5577,6.0516,0.0000,0.0000,-0.0857,-2.4293,-1.7345,-3.5343,0.5019,-2.2345,-1.0758,-1.2968,-2.5649,-2.4699,2.4356,1.8549,1.3945,0.5353,1.3851,3.2532,1.7328,0.6601,6.3069,1.0000
58.2113,0.0000,36.2574,6.9047,1.0000,8.6928,-0.0522,-2.3506,-2.2109,-1.7166,-1.1972,-2.0385,-2.3731,0.1767,0.2187,-1.5562,1.6201,2.5775,1.8061,0.5626,1.3560,1.9160,2.2048,2.3946,15.2635,1.0000
41.3450,0.0000,40.8053,5.1431,0.0000,0.0000,1.4204,-2.3062,-0.8150,-1.3536,-1.1812,-1.1174,-0.2501,-0.6572,-1.5673,-2.7095,2.6305,2.5811,1.7672,0.5495,2.0849,2.9104,2.1859,1.9855,9.8018,1.0000
42.1271,1.0000,35.3159,5.0402,1.0000,2.0211,-1.0569,-2.4017,-3.4867,-2.1621,-1.7193,-4.1014,-2.0785,-2.1505,-1.4790,-4.3485,2.3127,2.9311,2.2829,1.2705,1.4625,2.5981,2.8776,1.2604,10.4357,1.0000
36.2327,1.0000,30.3985,5.2473,0.0000,0.0000,-0.2059,-4.6013,-4.2569,-1.5278,0.0701,-3.0079,-2.6279,-2.0306,-1.3568,-3.7403,2.5638,2.0101,2.3465,1.3876,1.2486,2.4507,2.8085,0.7833,2.1245,0.0000
40.8029,1.0000,38.2099,7.2912,1.0000,2.3917,0.5901,-2.5430,-2.3476,-2.1934,-0.4796,-3.2289,-1.3310,-1.6263,-1.3517,-1.9972,1.6574,2.2048,2.8563,0.8363,1.9693,2.6874,2.0832,1.4197,16.1965,1.0000
52.7068,1.0000,38.6452,9.3049,1.0000,4.1082,0.2654,-1.9578,-3.1654,-2.2686,-0.7730,-1.3616,-2.8626,-1.4375,-0.4926,-3.4170,2.0313,2.1958,0.9608,0.8292,1.8937,2.3380,2.6527,1.4618,10.4709,1.0000
45.9183,1.0000,37.4460,5.2744,0.0000,0.0000,0.2297,-2.4110,-1.8616,-0.6587,-0.0653,-1.3160,-1.3625,-1.3477,-1.1477,-3.2903,2.2643,2.1404,1.6308,0.2745,1.3578,2.3449,2.9304,1.4411,12.9905,1.0000
51.6153,1.0000,37.8547,5.2633,0.0000,0.0000,0.7868,-2.7538,-2.4258,-1.4865,-1.3776,-2.0638,-1.8557,-0.4764,-1.5509,-2.3836,1.7811,1.5009,1.4574,1.1592,1.3065,2.4714,1.9472,1.3786,16.5165,1.0000
51.9811,1.0000,33.2808,5.8145,0.0000,0.0000,0.5436,-1.9922,-1.7256,-2.7669,0.1141,-2.4478,-0.8543,-0.5643,-1.6098,-3.2511,1.3416,2.9988,1.2824,1.3462,1.4751,2.3336,2.0644,1.2953,10.1190,1.0000
62.5273,0.0000,30.3195,9.9176,1.0000,6.4298,0.9243,-2.6438,-1.1977,-1.6621,0.3568,-1.8610,-0.9189,-1.0483,-0.7623,-1.6011,2.5745,3.1918,3.0181,1.8115,3.1378,3.2516,3.5445,2.2847,9.7555,1.0000
44.2294,1.0000,30.5931,6.9655,1.0000,5.3908,0.3566,-2.2171,-1.8784,-1.6168,0.7127,-1.3849,-1.0546,-0.6570,-1.3632,-2.5484,1.9705,2.4679,2.1618,1.1390,1.9612,3.0167,2.4307,-0.0055,15.3544,1.0000
31.7546,0.0000,27.1404,5.0274,0.0000,0.0000,0.6475,-1.8759,-1.2058,-2.2221,0.3112,-2.2325,-1.8549,-0.0460,0.0275,-2.1940,3.3070,2.7391,1.9222,0.8820,1.7846,2.4475,2.1263,1.1129,8.9654,1.0000
59.7394,1.0000,35.5663,5.3909,0.0000,0.0000,0.9670,-1.8264,-0.6422,-0.7288,-0.8830,-0.6039,-0.0852,-0.7792,-1.2647,-1.7916,2.6178,3.7437,2.8786,2.3190,2.2564,3.2700,3.2358,1.7255,12.2477,1.0000
44.3536,1.0000,34.1245,5.2389,0.0000,0.0000,0.1774,-2.4306,-1.4757,-2.1042,-1.3504,-2.3187,-1.9165,-1.1930,-2.2917,-3.1361,2.0446,2.8678,2.6067,1.3944,1.3622,2.5256,1.7404,1.4065,15.3057,1.0000
60.2605,1.0000,32.5201,5.8044,0.0000,0.0000,0.9720,-1.9457,-2.2527,-2.4270,-0.5298,-2.0519,-1.1125,-1.4071,-0.9924,-1.6628,2.4532,2.4124,2.1461,1.4613,2.0158,2.1061,2.3007,1.6126,11.3334,1.0000
52.2171,1.0000,27.0000,6.4799,1.0000,6.3611,0.5641,-3.7664,-2.1128,-0.5819,-1.4809,-2.5929,-1.7658,-1.2631,-1.2902,-2.1412,3.2472,2.7294,2.6265,2.0519,2.1834,3.6407,3.5387,2.6921,13.4379,1.0000
46.5575,1.0000,28.8871,7.7127,1.0000,11.3726,0.4678,-1.6191,-1.8133,-1.7936,-0.8550,-3.6106,-1.3269,0.2032,-0.8425,-2.1612,2.5751,3.9079,2.1566,2.7002,2.7954,3.9361,2.9978,2.5525,15.6256,1.0000
51.8365,1.0000,39.5438,5.2357,0.0000,0.0000,0.0696,-2.8988,-1.4505,-0.3937,0.6649,-1.5661,-1.0272,-0.6059,-1.3442,-3.3572,3.1562,2.2445,2.0856,0.2523,1.6624,2.1312,2.1765,2.7081,6.5459,1.0000
69.4611,0.0000,31.5092,6.5462,1.0000,5.5188,-0.5014,-2.8782,-2.5172,-3.1901,-1.1531,-3.2507,-2.8620,-2.1014,-2.1923,-3.9107,3.3307,2.1207,2.4790,1.8617,1.9551,2.9886,2.8480,1.0659,8.0686,1.0000
70.8468,1.0000,36.1227,4.8816,0.0000,0.0000,1.1413,-3.7666,-3.5475,-2.2038,-0.9387,-2.6169,-2.2295,-2.2267,-1.7704,-3.5636,1.6812,2.3472,1.8319,0.6271,1.1236,2.2184,2.4957,1.0713,7.1653,1.0000
48.7632,1.0000,28.2419,7.9041,1.0000,3.2966,1.6409,-2.4087,-1.6672,0.3166,-0.0732,-1.4731,-0.3656,0.0394,-0.3118,-1.8591,3.2736,2.5068,2.3819,1.3207,2.3667,2.5252,3.6169,0.9449,12.0296,1.0000
49.7621,1.0000,40.9742,5.3596,0.0000,0.0000,0.4803,-3.0036,-1.8482,-0.3985,0.4549,-1.9570,-0.5540,-1.3653,-1.1102,-1.8113,3.3293,2.9612,2.7170,2.3762,2.8485,2.9174,3.3302,2.9858,19.7640,1.0000
59.8386,1.0000,33.8519,7.4573,1.0000,2.5738,1.5897,-2.7613,-2.0834,-0.0604,-0.0745,-0.7730,-0.7300,-0.3881,-0.8454,-1.5224,1.7676,3.4520,2.3232,1.1425,1.4733,2.5437,1.4729,1.1225,15.1332,1.0000
38.6977,1.0000,35.8052,7.6771,1.0000,6.4521,1.4862,-2.9955,-2.0760,-1.0253,-0.4532,-2.6166,-0.6280,-0.1905,-1.2695,-2.3500,2.1422,1.8461,2.1622,0.9433,1.3140,2.2234,2.3399,1.2208,11.1210,1.0000
51.6638,1.0000,44.9660,5.9428,0.0000,0.0000,-0.5668,-3.6094,-2.4225,-2.2716,-1.7648,-3.5828,-2.8807,-1.6241,-3.3342,-4.3068,1.8794,2.4009,1.8248,0.4601,1.3934,2.6059,2.4383,1.0756,10.7868,1.0000
47.7155,0.0000,41.3240,6.5312,1.0000,4.6137,-1.0904,-2.8076,-3.7450,-2.4864,-0.1608,-1.8828,-3.1278,-1.5277,-2.4796,-4.1760,2.7061,2.1235,1.5084,0.9682,2.4305,2.6718,2.2649,2.1438,10.5607,1.0000
51.4530,0.0000,33.1205,8.4137,1.0000,17.9767,0.3092,-1.7113,-1.3591,-2.0103,0.1018,-3.7676,-1.9313,-1.7345,-1.2777,-2.9626,2.1278,3.6600,2.0128,0.9025,1.8438,2.5906,2.0987,2.7298,13.7156,1.0000
38.8329,0.0000,31.8305,5.4538,0.0000,0.0000,0.2868,-2.7705,-2.0573,-1.4877,-0.5007,-2.6860,-1.2396,-0.6215,-1.6030,-2.8013,2.4912,2.8318,1.9060,0.9985,2.3595,1.8844,1.8441,1.2215,12.1426,1.0000
30.5148,1.0000,33.0350,5.5795,0.0000,0.0000,1.3295,-3.1011,-0.5827,-2.3685,-0.6230,-2.9731,0.0977,-1.2739,-1.4052,-2.8473,3.1106,2.6183,2.4847,1.5284,2.7717,2.2264,3.0761,1.6571,14.5051,1.0000
25.1972,1.0000,36.7945,7.1863,1.0000,17.8020,0.4765,-2.8194,-2.1332,-4.3565,-1.0437,-2.9655,-1.2650,-0.7052,-1.7326,-2.5671,2.8549,2.2714,2.1061,1.2434,1.3801,1.9694,2.0362,1.3534,9.7144,1.0000
35.7088,0.0000,34.0265,5.6479,0.0000,0.0000,-0.4813,-2.3334,-2.5737,-2.8837,-1.1174,-1.9399,-1.6598,-0.4515,-1.9733,-2.3069,1.8459,2.1368,0.7727,0.5552,1.8282,2.5426,1.9945,1.1522,8.2801,1.0000
42.9546,1.0000,32.7214,5.7541,0.0000,0.0000,-0.1217,-2.6137,-1.9820,-1.4380,-0.4516,-3.0114,-0.9632,-0.0197,-1.5736,-3.9518,1.8030,3.1945,3.1461,1.5833,3.4229,2.7758,2.2511,1.4486,17.1576,1.0000
44.7749,1.0000,41.1023,5.9092,0.0000,0.0000,0.7995,-2.7084,-2.0194,-1.3501,-0.7953,-2.6089,-1.5154,-0.1546,-1.1328,-3.4842,2.1683,3.7187,2.1624,1.0360,1.5434,3.2966,3.0968,1.4229,18.1816,1.0000
69.3095,1.0000,33.9861,7.0114,1.0000,6.7309,-0.5567,-2.8305,-3.1252,-3.3826,-0.8215,-2.6277,-2.2923,-1.5688,-1.7210,-2.9306,1.1745,1.4292,2.2796,1.1280,1.4715,3.1765,3.1368,1.2642,7.4811,1.0000
60.1659,0.0000,44.8482,5.7642,0.0000,0.0000,0.8838,-4.3834,-2.5110,-1.8060,-1.1966,-2.8269,-1.3347,-1.4356,-0.5644,-2.2315,2.2895,2.1757,1.7544,0.3073,0.7791,1.3563,2.4381,0.1976,8.7864,1.0000
37.4170,0.0000,34.9083,5.3969,0.0000,0.0000,0.3051,-2.7816,-4.1347,-2.5277,-2.0803,-3.0209,-2.0495,-1.3689,-0.9489,-3.3250,3.4700,2.5663,3.2688,1.5691,1.5313,3.6418,3.5799,1.5227,7.8920,1.0000
51.8248,0.0000,42.5339,6.6897,1.0000,8.7926,2.2243,-1.7873,-2.2646,-1.7097,-0.4397,-1.7087,-1.7141,-1.0414,-1.0682,-2.7713,2.1010,1.9223,1.7146,1.0194,1.3965,1.4387,1.7383,1.3375,4.0465,0.0000
43.5221,0.0000,36.1079,4.7551,0.0000,0.0000,1.0491,-1.8922,-0.8039,-1.5088,0.7248,-2.8337,-1.9626,-1.6451,-0.9968,-1.6920,2.1747,2.2698,1.4079,0.6760,2.2443,1.8729,2.5227,1.2312,9.5531,1.0000
44.8720,1.0000,38.8333,7.6986,1.0000,3.2267,-0.0817,-3.1258,-2.4176,-1.6877,-1.1575,-3.1410,-2.7409,-2.0126,-0.9661,-3.1284,2.4469,2.1560,1.7583,1.0996,1.4389,2.6269,2.5099,2.3777,7.7589,1.0000
50.0386,0.0000,31.2393,5.6859,0.0000,0.0000,-0.1919,-1.8808,-2.3906,-0.8485,0.4970,-2.2010,-2.2609,0.5072,-0.7304,-2.6867,2.4669,1.5152,2.3792,0.9978,2.7000,3.3742,2.2878,1.8631,13.5708,1.0000
54.8109,1.0000,30.6581,6.9349,1.0000,9.7890,1.1649,-1.8060,-0.6470,-1.6696,0.1417,-2.7669,-0.5961,-0.7165,-0.6122,-2.3836,1.9436,2.3589,2.2141,1.7089,2.2933,2.7480,3.7443,1.4808,13.7382,1.0000
44.2682,0.0000,36.5687,5.5734,1.0000,6.0442,0.1992,-3.3209,-1.6669,-0.8661,-0.9295,-2.1155,-1.1531,-1.1101,-2.2484,-3.6876,1.3357,1.3363,2.1688,0.7252,1.4378,1.8990,1.7097,0.5206,6.3505,1.0000
59.7024,1.0000,38.9485,6.1828,0.0000,0.0000,-0.2248,-4.4216,-1.6152,-1.9640,-1.0009,-4.3952,-3.3245,-1.9181,-0.6828,-3.8647,2.5827,2.5595,2.3270,1.5231,1.7653,2.0191,1.6854,2.8474,15.9358,1.0000
35.4387,0.0000,34.6812,6.2146,1.0000,11.7768,1.0910,-2.7178,-1.8114,-0.7828,-0.5377,-2.7079,-0.3210,-0.8515,-0.2407,-2.8732,3.1869,3.5917,2.2098,1.6912,1.8753,2.3688,2.4452,2.3538,11.7638,1.0000
48.0697,1.0000,28.7112,5.4904,0.0000,0.0000,1.5253,-2.0011,-1.2383,-1.1950,-0.4250,-2.0249,-1.3269,-0.1052,-0.9293,-3.3132,2.8044,2.1683,1.8835,1.5974,1.5940,2.6778,2.6422,1.6589,16.7143,1.0000
75.0000,1.0000,28.3788,5.6066,0.0000,0.0000,-0.9435,-4.3642,-2.3584,-3.3292,-1.2435,-3.2280,-2.3547,-1.7170,-1.9779,-5.4016,2.4525,2.2015,1.6679,0.5113,0.7990,2.2092,2.4627,0.4282,4.5008,0.0000
50.4539,1.0000,28.0779,5.2423,0.0000,0.0000,0.1411,-2.3720,-0.8208,-0.3691,-1.1110,-2.4399,-2.3016,-0.0161,-0.3597,-2.2458,2.4638,2.9970,1.2209,1.0347,2.5802,2.9519,1.5877,1.7277,12.5055,1.0000
63.7654,1.0000,27.0000,6.8270,1.0000,10.8469,0.5329,-1.5188,-0.8085,-0.4845,0.3540,-2.0593,-0.3236,0.0656,-0.6623,-2.2819,1.8514,2.7007,1.5655,1.0211,1.3718,2.4032,1.9211,1.0590,12.9128,1.0000
49.0067,1.0000,34.9927,4.9400,0.0000,0.0000,1.3067,-1.0356,-1.9017,-1.4576,0.1420,-1.6312,-1.2821,0.6168,-0.3491,-1.7503,1.5946,2.4877,1.8873,0.1849,1.9661,2.2536,2.2099,1.5150,11.2157,1.0000
54.3885,0.0000,39.5627,5.9935,0.0000,0.0000,1.8071,-2.4440,-1.6588,-2.2956,-0.4798,-3.3050,-0.8957,-0.7643,-1.3086,-2.7060,2.4969,3.2195,2.1073,1.9590,2.1862,3.1871,2.9672,2.4006,12.0018,1.0000
47.3754,1.0000,34.4396,5.2614,0.0000,0.0000,1.0092,-3.2380,-1.8597,-1.2816,-1.7362,-2.1009,-2.6600,-1.4231,-2.2387,-2.0590,2.7328,2.4296,1.7656,1.2029,1.4398,2.0394,1.2418,0.4096,10.2046,1.0000
46.1255,0.0000,27.0000,6.2110,0.0000,0.0000,-0.5257,-4.1606,-2.5481,-2.7177,-2.3248,-2.9649,-3.6455,-2.8407,-2.6966,-3.3023,3.4912,2.6155,3.3764,2.0034,2.4088,2.4809,2.9325,2.8601,4.9201,0.0000
39.4257,1.0000,33.6416,5.4886,0.0000,0.0000,1.4364,-1.4108,-1.5339,-2.9650,-0.0666,-1.1843,-0.2255,-0.3600,-1.5482,-2.6713,3.2346,3.0246,1.8116,0.9906,1.5622,3.3648,3.4191,1.8030,10.7025,1.0000
52.7333,0.0000,33.7674,5.8598,0.0000,0.0000,1.9471,-3.1202,-2.5646,-1.0372,-0.6917,-3.1506,-0.3922,-0.7067,-1.3471,-3.3847,2.1182,3.2789,1.6549,1.2826,2.0947,2.2661,2.1248,1.0517,6.2228,1.0000
38.6331,1.0000,43.9320,5.4813,0.0000,0.0000,2.0379,-2.0451,-0.4201,-0.3903,-0.0787,-2.0223,0.2771,0.6937,-1.5710,-1.5470,3.1500,3.8927,2.7013,1.7164,2.1261,3.1834,2.7104,1.9030,17.2442,1.0000
55.3214,0.0000,27.9429,5.4892,0.0000,0.0000,0.3030,-3.4083,-2.0453,-2.9516,-1.2844,-3.4576,-2.3188,-1.7638,-2.5076,-2.3231,2.5479,2.3763,1.9356,1.1180,1.6355,2.3509,2.7190,0.5162,7.0798,1.0000
59.9382,1.0000,32.7420,8.2426,1.0000,4.5888,0.7946,-1.1170,-1.6291,-1.7258,1.0237,-2.3236,-1.0974,-0.1991,-1.5772,-1.8371,3.2446,2.9524,2.7206,2.0431,1.9806,2.6268,2.3117,1.6409,17.8204,1.0000
52.0318,1.0000,42.1763,5.5417,0.0000,0.0000,0.8667,-1.4854,-0.9459,-0.3367,0.0227,-2.4071,0.5576,-1.4629,-1.5951,-1.8375,2.7195,2.3468,2.3965,0.1306,1.5313,3.0788,2.2892,0.9565,12.2692,1.0000
44.8513,0.0000,36.5249,7.6401,1.0000,3.5587,1.7000,-2.0030,-0.7849,-2.5728,-0.5492,-3.4452,-0.7817,-2.0085,-2.0275,-2.3958,1.9059,0.6772,0.8334,0.9913,0.8525,1.6697,0.5170,-0.2663,6.1801,1.0000
52.9936,1.0000,37.0349,5.2255,0.0000,0.0000,1.2495,-2.4218,-1.3209,-1.0677,-0.3339,-2.8613,-0.8149,-0.4409,-0.3105,-2.1496,3.0140,3.1251,1.6989,1.1067,1.9570,2.1723,1.4983,1.2950,10.0309,1.0000
44.6046,1.0000,35.0156,5.4562,0.0000,0.0000,-0.5348,-2.4098,-2.1941,-2.3352,-1.0573,-3.2582,-1.2336,-2.4385,-2.3439,-3.4550,2.6436,2.9629,2.6917,0.7347,2.0170,2.6583,2.5313,1.4653,9.9795,1.0000
58.2910,0.0000,35.9847,5.2865,0.0000,0.0000,1.6910,-1.3581,-2.5309,-0.4307,0.9173,-2.5976,-2.6169,-0.8343,-0.1304,-1.2476,1.9037,0.6820,1.9796,0.8730,0.5843,2.2551,1.6290,0.6185,7.5418,1.0000
27.8545,0.0000,37.9992,6.3049,0.0000,0.0000,-0.2967,-1.5309,-3.5160,-2.2961,-1.1711,-2.0268,-0.8321,-0.6715,-2.2691,-2.3577,1.8390,2.6108,1.4784,0.4427,2.0756,2.3025,2.1069,1.5115,9.4732,1.0000
44.3083,1.0000,30.8573,5.4686,0.0000,0.0000,0.8072,-3.7099,-3.6782,-1.5550,-1.0903,-3.7703,-2.1385,-1.4643,-1.8430,-4.3381,1.8994,2.0823,1.9273,0.2101,1.5697,1.8979,2.4482,1.3433,7.7720,1.0000
26.1011,1.0000,38.4513,6.6306,1.0000,6.4757,1.9084,-1.3195,-1.5197,-1.3359,0.2883,-2.6059,-0.7043,-1.5058,-0.8399,-3.0842,2.5487,1.7158,1.7925,0.4300,1.5063,1.1662,1.2056,1.4625,11.6493,1.0000
31.5543,0.0000,28.3215,5.4315,0.0000,0.0000,-0.4945,-1.6798,-1.9505,-1.6376,-1.9631,-3.0763,-1.4007,-1.2488,-2.9256,-2.9622,2.5214,2.3940,1.5541,0.5695,1.7264,2.2693,2.9832,1.2172,6.0186,1.0000
